SALE TYPE,SOLD DATE,PROPERTY TYPE,ADDRESS,CITY,STATE,ZIP,PRICE,BEDS,BATHS,LOCATION,SQUARE FEET,LOT SIZE,YEAR BUILT,DAYS ON MARKET,$/SQUARE FEET,HOA/MONTH,STATUS,NEXT OPEN HOUSE START TIME,NEXT OPEN HOUSE END TIME,URL (SEE http://www.redfin.com/buy-a-home/comparative-market-analysis FOR INFO ON PRICING),SOURCE,MLS#,FAVORITE,INTERESTED,LATITUDE,LONGITUDE
MLS Listing,,Condo/Co-op,1045 Utah St Unit 2-111,Arlington,VA,22201,329900,1,1.0,Windsor Plaza,502,,1994,2,657,370,Active,April-22-2018 01:00 PM,April-22-2018 04:00 PM,http://www.redfin.com/VA/Arlington/1045-N-Utah-St-22201/unit-2-111/home/11244536,MRIS,AR10215237,N,Y,38.8832871,-77.1135655
MLS Listing,,Condo/Co-op,1115 12th St NW #405,Washington,DC,20005,399000,1,1.0,Old City #2,740,,1937,4,539,305,Active,April-22-2018 01:00 PM,April-22-2018 04:00 PM,http://www.redfin.com/DC/Washington/1115-12th-St-NW-20005/unit-405/home/9875952,MRIS,DC10212424,N,Y,38.90457,-77.027944
MLS Listing,,Condo/Co-op,1001 N Vermont St #811,Arlington,VA,22201,364900,1,1.0,Westview At Ballston,538,,2005,4,678,394,Active,,,http://www.redfin.com/VA/Arlington/1001-N-Vermont-St-22201/unit-811/home/11280216,MRIS,AR10211838,N,Y,38.8828742,-77.1143324
MLS Listing,,Townhouse,2812 16th Rd S Unit A,Arlington,VA,22204,329000,3,1.5,Arlington Court,962,,1947,5,342,626,Active,April-22-2018 01:00 PM,April-22-2018 04:00 PM,http://www.redfin.com/VA/Arlington/2812-16th-Rd-S-22204/unit-A/home/145239993,MRIS,AR10211922,N,Y,38.8563448,-77.0852452
MLS Listing,,Condo/Co-op,1711 Massachusetts Ave NW #714,Washington,DC,20036,399900,1,1.0,Old City #2,650,,1950,10,615,544,Active,,,http://www.redfin.com/DC/Washington/1711-Massachusetts-Ave-NW-20036/unit-714/home/9863991,MRIS,DC10206065,N,Y,38.9088143,-77.0389505
MLS Listing,,Townhouse,4161 Four Mile Run Dr #403,Arlington,VA,22204,399500,2,2.0,West Vge At Shir,1135,,1966,16,352,425,Active,April-22-2018 01:00 PM,April-22-2018 04:00 PM,http://www.redfin.com/VA/Arlington/4161-S-Four-Mile-Run-Dr-22204/unit-403/home/16897064,MRIS,AR10200665,N,Y,38.8489274,-77.0976017
MLS Listing,,Condo/Co-op,2712 Ordway St NW #5,Washington,DC,20008,365000,1,1.0,Forest Hills,763,,1944,17,478,283,Active,,,http://www.redfin.com/DC/Washington/2712-Ordway-St-NW-20008/unit-5/home/9989996,MRIS,DC10199677,N,Y,38.9341356,-77.0556259
MLS Listing,,Condo/Co-op,5700 Chapman Mill Dr #160,North Bethesda,MD,20852,380000,3,2.0,Gables Of Tuckerman Codm,996,,1987,17,382,400,Active,,,http://www.redfin.com/MD/North-Bethesda/5700-Chapman-Mill-Dr-20852/unit-160/home/10545580,MRIS,MC10198689,N,Y,39.0353575,-77.1150688
MLS Listing,,Condo/Co-op,5101 River Rd #1111,Bethesda,MD,20816,236000,1,1.0,The Kenwood,1017,,1969,23,232,700,Active,,,http://www.redfin.com/MD/Bethesda/5101-River-Rd-20816/unit-1111/home/10689485,MRIS,MC10194193,N,Y,38.9640697,-77.1013213
MLS Listing,,Condo/Co-op,1311 Delaware Ave SW Unit S432,Washington,DC,20024,299000,2,1.0,Rla (sw),775,,1962,24,386,1136,Active,,,http://www.redfin.com/DC/Washington/1311-Delaware-Ave-SW-20024/unit-S432/home/12058542,MRIS,DC10192759,N,Y,38.8739553,-77.0155098
MLS Listing,,Condo/Co-op,2802 Devonshire Pl NW #208,Washington,DC,20008,339000,1,1.0,Garfield,765,,1939,31,443,515,Active,,,http://www.redfin.com/DC/Washington/2802-Devonshire-Pl-NW-20008/unit-208/home/28466932,MRIS,DC10187053,N,Y,38.9306832,-77.0580695
MLS Listing,,Condo/Co-op,4201 Cathedral Ave NW Unit 622E,Washington,DC,20016,289000,1,1.0,Wesley Heights,1045,,1960,33,277,958,Active,,,http://www.redfin.com/DC/Washington/4201-Cathedral-Ave-NW-20016/unit-622E/home/145174996,MRIS,DC10185544,N,Y,38.9307588,-77.0829996
MLS Listing,,Condo/Co-op,501 Slaters Ln #320,Alexandria,VA,22314,240000,1,1.0,Marina Towers,605,,1970,51,397,412,Active,,,http://www.redfin.com/VA/Alexandria/501-Slaters-Ln-22314/unit-320/home/11864776,MRIS,AX10169910,N,Y,38.8225044,-77.041451
MLS Listing,,Condo/Co-op,4200 Massachusetts Ave NW #508,Washington,DC,20016,325000,1,1.5,Wesley Heights,755,,1971,52,430,1138,Active,,,http://www.redfin.com/DC/Washington/4200-Massachusetts-Ave-NW-20016/unit-508/home/9950707,MRIS,DC10167778,N,Y,38.9348171,-77.0828442
MLS Listing,,Condo/Co-op,1521 Lincoln Way #104,Mclean,VA,22102,239000,1,1.0,Fountains At Mclean,690,,1988,59,346,331,Active,,,http://www.redfin.com/VA/McLean/1521-Lincoln-Way-22102/unit-104/home/143310345,MRIS,FX10162068,N,Y,38.929844,-77.229671
MLS Listing,,Condo/Co-op,1901 Wyoming Ave NW #3,Washington,DC,20009,251500,1,1.0,Kalorama,500,,1917,59,503,209,Active,,,http://www.redfin.com/DC/Washington/1901-Wyoming-Ave-NW-20009/unit-3/home/40114833,MRIS,DC10162034,N,Y,38.9185406,-77.0455174
MLS Listing,,Condo/Co-op,880 Pollard St N #726,Arlington,VA,22203,374999,1,1.0,Ballston 880,615,,2000,66,610,325,Active,April-22-2018 02:00 PM,April-22-2018 04:00 PM,http://www.redfin.com/VA/Arlington/880-N-Pollard-St-22203/unit-726/home/11280640,MRIS,AR10156885,N,Y,38.8808777,-77.1069408
MLS Listing,,Condo/Co-op,10607 Montrose Ave Unit M-202,Bethesda,MD,20814,344500,2,2.0,Parkside Codm,1162,,1966,87,296,502,Active,,,http://www.redfin.com/MD/Bethesda/10607-Montrose-Ave-20814/unit-M-202/home/144768414,MRIS,MC10142199,N,Y,39.0303043,-77.094359
MLS Listing,,Condo/Co-op,1410 12th St NW #1,Washington,DC,20005,399000,1,1.0,Logan Circle,681,,2005,88,586,282,Active,,,http://www.redfin.com/DC/Washington/1410-12th-St-NW-20005/unit-1/home/10347425,MRIS,DC10141353,N,Y,38.9089626,-77.0283049
MLS Listing,,Condo/Co-op,4620 Park Ave Unit 603E,Chevy Chase,MD,20815,344000,1,1.0,4620 North Park Ave,823,,1973,137,418,649,Active,,,http://www.redfin.com/MD/Chevy-Chase/4620-N-Park-Ave-20815/unit-603E/home/10682910,MRIS,MC10115852,N,Y,38.9630812,-77.0926644
MLS Listing,,Condo/Co-op,2050 Calvert St N #304,Arlington,VA,22201,330000,2,1.0,Spout Run Terrace,796,,1987,159,415,328,Active,,,http://www.redfin.com/VA/Arlington/2050-N-Calvert-St-22201/unit-304/home/11279732,MRIS,AR10104013,N,Y,38.8974134,-77.0932738
MLS Listing,,Condo/Co-op,2312 Colston Dr #103,Silver Spring,MD,20910,185000,1,1.0,Rock Creek Apts Codm 1,733,,1948,197,252,433,Active,,,http://www.redfin.com/MD/Silver-Spring/2312-Colston-Dr-20910/unit-103/home/11115271,MRIS,MC10076022,N,Y,38.9942763,-77.048948
MLS Listing,,Condo/Co-op,3333 University Blvd W #812,Kensington,MD,20895,319800,3,2.0,The Waterford,2071,,1973,331,154,1132,Active,,,http://www.redfin.com/MD/Kensington/3333-University-Blvd-W-20895/unit-812/home/11092679,MRIS,MC9958422,N,Y,39.0361735,-77.0671046
Redfin Data,,Townhouse,2020 Flowering Tree Ter,Silver Spring,MD,20902,299900,2,1.5,Silver Spring,966,1518,1984,2,310,82,Pre On-Market,,,http://www.redfin.com/MD/Silver-Spring/2020-Flowering-Tree-Ter-20902/home/11113302,Coming Soon,11279,N,Y,39.0234809,-77.042066
Redfin Data,,Condo/Co-op,4025 Connecticut Ave NW #203,Washington,DC,20008,395000,1,1.0,Washington,760,,1999,2,520,370,Pre On-Market,,,http://www.redfin.com/DC/Washington/4025-Connecticut-Ave-NW-20008/unit-203/home/10178811,Coming Soon,11317,N,Y,38.9416108,-77.0616182
Redfin Data,,Condo/Co-op,12415 Braxfield CT 551,Rockville,MD,20852,245000,3,1.5,Rockville,1227,,1980,4,200,,Pre On-Market,,,http://www.redfin.com/MD/Rockville/12415-Braxfield-Ct-20852/unit-3/home/10534174,Coming Soon,11734,N,Y,39.0575485,-77.1050204
Redfin Data,,Condo/Co-op,1000 New Jersey Ave SE Apt 1009,"Washington, DC",DC,20003,392500,1,1.0,"Washington, DC",700,,2006,10,561,1178,Pre On-Market,,,http://www.redfin.com/DC/Washington/1000-New-Jersey-Ave-SE-20003/unit-1009/home/145309093,Coming Soon,11244,N,Y,38.878061,-77.0043928
MLS Listing,,Condo/Co-op,11607 Elkin St #202,Silver Spring,MD,20902,256000,3,2.0,Sierra Landing Codm,1785,,1961,1,143,697,Active,April-22-2018 12:00 PM,April-22-2018 01:30 PM,http://www.redfin.com/MD/Silver-Spring/11607-Elkin-St-20902/unit-202/home/11124361,MRIS,MC10217008,N,Y,39.0452289,-77.0467978
MLS Listing,,Condo/Co-op,6445 Luzon Ave NW #102,Washington,DC,20012,169000,1,1.0,Brightwood,950,,1960,1,178,651,Active,,,http://www.redfin.com/DC/Washington/6445-Luzon-Ave-NW-20012/unit-102/home/52406414,MRIS,DC10216965,N,Y,38.9685119,-77.034212
MLS Listing,,Condo/Co-op,4607 36th St S Unit A2,Arlington,VA,22206,385000,1,2.0,Fairlington Mews,1490,,1940,1,258,295,Active,,,http://www.redfin.com/VA/Arlington/4607-36th-St-S-22206/unit-A2/home/11271071,MRIS,AR10216957,N,Y,38.8324622,-77.0925758
MLS Listing,,Condo/Co-op,6445 Luzon Ave NW #212,Washington,DC,20012,262000,2,1.0,Brightwood,940,,1960,1,279,,Active,,,http://www.redfin.com/DC/Washington/6445-Luzon-Ave-NW-20012/unit-212/home/145399479,MRIS,DC10216772,N,Y,38.9685119,-77.034212
MLS Listing,,Condo/Co-op,1101 3rd St SW #503,Washington,DC,20024,299900,1,1.0,Rla (sw),536,,1960,1,560,388,Active,,,http://www.redfin.com/DC/Washington/1101-3rd-St-SW-20024/unit-503/home/28496928,MRIS,DC10216619,N,Y,38.8771265,-77.0157691
MLS Listing,,Condo/Co-op,2400 41st St NW #415,Washington,DC,20007,299000,1,1.0,Glover Park,920,,1959,1,325,528,Active,April-22-2018 02:00 PM,April-22-2018 04:00 PM,http://www.redfin.com/DC/Washington/2400-41st-St-NW-20007/unit-415/home/9958836,MRIS,DC10216617,N,Y,38.9221395,-77.0811651
MLS Listing,,Condo/Co-op,5101 Crossfield Ct #351,Rockville,MD,20852,167000,1,1.0,Bethesda Park,794,,1970,1,210,495,Active,,,http://www.redfin.com/MD/Rockville/5101-Crossfield-Ct-20852/unit-351/home/144383983,MRIS,MC10216581,N,Y,39.057539,-77.1020147
MLS Listing,,Condo/Co-op,2401 H St NW #612,Washington,DC,20037,339900,1,1.0,Foggy Bottom,628,,1960,1,541,721,Active,,,http://www.redfin.com/DC/Washington/2401-H-St-NW-20037/unit-612/home/9046797,MRIS,DC10216540,N,Y,38.8999319,-77.0516791
MLS Listing,,Condo/Co-op,10401 Grosvenor Pl #1125,Rockville,MD,20852,265000,2,2.0,Grosvenor Park Iii,1072,,1966,1,247,890,Active,,,http://www.redfin.com/MD/Rockville/10401-Grosvenor-Pl-20852/unit-1125/home/10530669,MRIS,MC10216494,N,Y,39.0276956,-77.106617
MLS Listing,,Condo/Co-op,4356 Lee Hwy #202,Arlington,VA,22207,299900,1,1.0,Balmoral,822,,1964,1,365,362,Active,April-22-2018 01:00 PM,April-22-2018 04:00 PM,http://www.redfin.com/VA/Arlington/4356-Lee-Hwy-22207/unit-202/home/11235015,MRIS,AR10215011,N,Y,38.8974998,-77.1155717
MLS Listing,,Condo/Co-op,1504 Lincoln Way #101,Mclean,VA,22102,378000,2,2.0,Fountains At Mclean,952,,1988,2,397,457,Active,,,http://www.redfin.com/VA/McLean/1504-Lincoln-Way-22102/unit-101/home/9838343,MRIS,FX10214797,N,Y,38.931491,-77.228972
MLS Listing,,Condo/Co-op,10101 Grosvenor Pl #1513,Rockville,MD,20852,290000,1,1.0,10101 Grosvenor Park Cod,904,,1986,2,321,463,Active,,,http://www.redfin.com/MD/Rockville/10101-Grosvenor-Pl-20852/unit-1513/home/11209095,MRIS,MC10200859,N,Y,39.0232354,-77.1046031
MLS Listing,,Condo/Co-op,5300 Columbia Pike #1006,Arlington,VA,22204,318000,2,2.0,The Carlyle House,1238,,1974,2,257,612,Active,,,http://www.redfin.com/VA/Arlington/5300-Columbia-Pike-22204/unit-1006/home/11265310,MRIS,AR10214638,N,Y,38.8538412,-77.1165606
MLS Listing,,Condo/Co-op,1601 Kenwood Ave Unit C,Alexandria,VA,22302,320000,2,2.0,Beverly Hills,1086,,1975,2,295,314,Active,April-22-2018 01:00 PM,April-22-2018 04:00 PM,http://www.redfin.com/VA/Alexandria/1601-Kenwood-Ave-22302/unit-C/home/11851662,MRIS,AX10216220,N,Y,38.83064,-77.084253
MLS Listing,,Condo/Co-op,3303 Wyndham Cir #243,Alexandria,VA,22302,207500,1,1.0,Pointe At Park C,639,,1990,2,325,282,Active,,,http://www.redfin.com/VA/Alexandria/3303-Wyndham-Cir-22302/unit-243/home/11876578,MRIS,AX10216191,N,Y,38.8353009,-77.1024457
MLS Listing,,Condo/Co-op,11800 Old Georgetown Rd #1533,North Bethesda,MD,20852,399900,2,2.0,White Flint Station Codm,1217,,1999,2,329,514,Active,,,http://www.redfin.com/MD/Rockville/11800-Old-Georgetown-Rd-20852/unit-1533/home/11759885,MRIS,MC10216072,N,Y,39.0502507,-77.1108517
MLS Listing,,Condo/Co-op,4601 PARK Ave #1420,CHEVY CHASE,MD,20815,290000,1,1.5,CHEVY CHASE,967,,1975,2,300,1065,Active,,,http://www.redfin.com/MD/Chevy-Chase/4601-N-Park-Ave-20815/unit-1420/home/10684712,BRIGHT MLS,1000426140,N,Y,38.963879,-77.0913855
MLS Listing,,Condo/Co-op,4601 Park Ave #1420,Chevy Chase,MD,20815,290000,1,1.5,The Elizabeth,967,,1975,2,300,1065,Active,,,http://www.redfin.com/MD/Chevy-Chase/4601-N-Park-Ave-20815/unit-1420/home/145271834,MRIS,MC10216016,N,Y,38.963879,-77.0913855
MLS Listing,,Condo/Co-op,1121 University Blvd Unit 718-B,Silver Spring,MD,20902,145000,2,2.0,University Towers Codm,1078,,1967,2,135,830,Active,,,http://www.redfin.com/MD/Silver-Spring/1121-University-Blvd-W-20902/unit-718-B/home/92516966,MRIS,MC10215901,N,Y,39.0384614,-77.0282214
MLS Listing,,Condo/Co-op,5750 Bou Ave #913,Rockville,MD,20852,349900,1,1.5,Midtown Bethesda North C,995,,2007,2,352,525,Active,April-22-2018 01:00 PM,April-22-2018 04:00 PM,http://www.redfin.com/MD/Rockville/5750-Bou-Ave-20852/unit-913/home/23467432,MRIS,MC10215749,N,Y,39.0568655,-77.1167645
MLS Listing,,Condo/Co-op,11710 Old Georgetown Rd #609,North Bethesda,MD,20852,325000,1,1.0,Gallery At White Flint P,791,,2001,2,411,310,Active,,,http://www.redfin.com/MD/Rockville/11710-Old-Georgetown-Rd-20852/unit-609/home/28866720,MRIS,MC10215720,N,Y,39.0502137,-77.1124961
MLS Listing,,Single Family Residential,3008 Henderson Ave,Silver Spring,MD,20902,349900,4,2.0,Highland Woods,1316,8972,1963,2,266,,Active,April-22-2018 01:00 PM,April-22-2018 03:00 PM,http://www.redfin.com/MD/Silver-Spring/3008-Henderson-Ave-20902/home/11058690,MRIS,MC10215695,N,Y,39.054381,-77.0621803
MLS Listing,,Single Family Residential,3610 Woodridge Ave,Silver Spring,MD,20902,374900,3,1.0,Kensington Knolls,1268,11780,1951,2,296,,Active,April-22-2018 01:00 PM,April-22-2018 04:00 PM,http://www.redfin.com/MD/Silver-Spring/3610-Woodridge-Ave-20902/home/11064630,MRIS,MC10211746,N,Y,39.0442363,-77.0727481
MLS Listing,,Condo/Co-op,1011 Arlington Blvd #648,Arlington,VA,22209,149999,1,1.0,River Place Coops,500,,1955,2,300,305,Active,,,http://www.redfin.com/VA/Arlington/1011-Arlington-Blvd-22209/unit-648/home/45395253,MRIS,AR10215680,N,Y,38.8921127,-77.0689033
MLS Listing,,Condo/Co-op,2022 Columbia Rd NW #618,Washington,DC,20009,399000,1,1.0,Kalorama,568,,1910,2,702,430,Active,April-22-2018 02:00 PM,April-22-2018 04:00 PM,http://www.redfin.com/DC/Washington/2022-Columbia-Rd-NW-20009/unit-618/home/9999700,MRIS,DC10215655,N,Y,38.9170409,-77.0453824
MLS Listing,,Single Family Residential,3000 Parker Ave,Wheaton,MD,20902,320000,3,2.0,Wheaton Hills,1188,6261,1949,2,269,,Active,,,http://www.redfin.com/MD/Wheaton-Glenmont/3000-Parker-Ave-20902/home/11006714,MRIS,MC10207238,N,Y,39.0471915,-77.0613596
MLS Listing,,Condo/Co-op,1220 Blair Mill Rd #804,Silver Spring,MD,20910,317000,2,1.0,Mica Codm @ Silver Sprin,1020,,1968,2,311,817,Active,,,http://www.redfin.com/MD/Silver-Spring/1220-Blair-Mill-Rd-20910/unit-804/home/23467599,MRIS,MC10215619,N,Y,38.9894781,-77.0302241
MLS Listing,,Condo/Co-op,10201 Grosvenor Pl #915,Rockville,MD,20852,265000,2,1.0,Grosvenor Park I,1114,,1964,2,238,787,Active,,,http://www.redfin.com/MD/Rockville/10201-Grosvenor-Pl-20852/unit-915/home/144480161,MRIS,MC10215530,N,Y,39.0248228,-77.1055698
MLS Listing,,Condo/Co-op,1538 Lincoln Way #102,Mclean,VA,22102,255000,1,1.0,Fountains At Mclean,624,,1988,2,409,331,Active,,,http://www.redfin.com/VA/McLean/1538-Lincoln-Way-22102/unit-102/home/22010924,MRIS,FX10215505,N,Y,38.931676,-77.230363
MLS Listing,,Condo/Co-op,4343 Lee Hwy #205,Arlington,VA,22207,279900,2,1.5,Yorktown Condominium,1000,,1963,2,280,588,Active,,,http://www.redfin.com/VA/Arlington/4343-Lee-Hwy-22207/unit-205/home/11233376,MRIS,AR10215492,N,Y,38.8976815,-77.1149452
MLS Listing,,Condo/Co-op,1571 Spring Gate Dr #6406,Mclean,VA,22102,279900,1,1.0,Gates Of Mclean,735,,1997,2,381,376,Active,April-22-2018 01:00 PM,April-22-2018 03:00 PM,http://www.redfin.com/VA/McLean/1571-Spring-Gate-Dr-22102/unit-6406/home/9847319,MRIS,FX10215450,N,Y,38.9293977,-77.2091682
MLS Listing,,Condo/Co-op,4601 N Park Ave Unit 1716-R,Chevy Chase,MD,20815,324900,2,1.0,The Elizabeth,1031,,1975,2,315,1188,Active,,,http://www.redfin.com/MD/Chevy-Chase/4601-N-Park-Ave-20815/unit-1716-R/home/143708924,MRIS,MC10215405,N,Y,38.963867,-77.0913527
MLS Listing,,Condo/Co-op,1301 Courthouse Rd #1602,Arlington,VA,22201,395000,1,1.5,Woodbury Heights,675,,1983,2,585,436,Active,,,http://www.redfin.com/VA/Arlington/1301-N-Courthouse-Rd-22201/unit-1602/home/11251425,MRIS,AR10215390,N,Y,38.8887107,-77.0830785
MLS Listing,,Condo/Co-op,2312 Colston Dr Unit C-201,Silver Spring,MD,20910,324900,2,1.0,Rock Creek Apts Codm 1,739,,1948,2,440,540,Active,April-22-2018 01:00 PM,April-22-2018 04:00 PM,http://www.redfin.com/MD/Silver-Spring/2312-Colston-Dr-20910/unit-C-201/home/113827383,MRIS,MC10215305,N,Y,38.9942763,-77.048948
MLS Listing,,Single Family Residential,3200 Clay St,Silver Spring,MD,20902,320000,3,1.0,Conn Ave Estates,1032,9102,1953,2,310,,Active,April-22-2018 02:00 PM,April-22-2018 04:00 PM,http://www.redfin.com/MD/Silver-Spring/3200-Clay-St-20902/home/11023223,MRIS,MC10215201,N,Y,39.0569283,-77.0655194
MLS Listing,,Condo/Co-op,1725 BRADDOCK Pl #301,ALEXANDRIA,VA,22302,399000,2,2.5,ALEXANDRIA,1153,,1993,2,346,335,Active,,,http://www.redfin.com/VA/Alexandria/1725-W-Braddock-Pl-22302/unit-301/home/11871694,BRIGHT MLS,1000422510,N,Y,38.8272746,-77.0852357
MLS Listing,,Condo/Co-op,1021 Arlington Blvd Unit 518E,Arlington,VA,22209,269900,2,1.0,River Place East,884,,1955,2,305,590,Active,,,http://www.redfin.com/VA/Arlington/1021-Arlington-Blvd-22209/unit-518E/home/145379081,MRIS,AR10215179,N,Y,38.8929957,-77.0689033
MLS Listing,,Condo/Co-op,1725 Braddock Pl #301,Alexandria,VA,22302,399000,2,2.5,Kingsgate,1153,,1993,2,346,335,Active,,,http://www.redfin.com/VA/Alexandria/1725-Braddock-Pl-22314/unit-301/home/143373525,MRIS,AX10215185,N,Y,38.8150339,-77.0517395
MLS Listing,,Condo/Co-op,7720 Tremayne Pl #305,Mclean,VA,22102,339900,2,2.0,The Colonies,1180,,1974,2,288,578,Active,April-22-2018 01:00 PM,April-22-2018 04:00 PM,http://www.redfin.com/VA/McLean/7720-Tremayne-Pl-22102/unit-305/home/9385375,MRIS,FX10215153,N,Y,38.918439,-77.209809
MLS Listing,,Townhouse,11937 Bluhill Rd,Silver Spring,MD,20902,289500,2,2.0,Conn Ave Estates,896,4311,1950,2,323,,Active,April-22-2018 01:00 PM,April-22-2018 04:00 PM,http://www.redfin.com/MD/Silver-Spring/11937-Bluhill-Rd-20902/home/11022945,MRIS,MC10215078,N,Y,39.051919,-77.070678
MLS Listing,,Single Family Residential,2511 Urbana Dr,Silver Spring,MD,20906,399900,4,3.5,Glenmont Village,1080,6960,1950,2,370,,Active,,,http://www.redfin.com/MD/Silver-Spring/2511-Urbana-Dr-20906/home/11026861,MRIS,MC10212050,N,Y,39.0613128,-77.0540403
MLS Listing,,Condo/Co-op,1600 Oak St #1023,Arlington,VA,22209,375000,1,1.0,The Belvedere Condominium,800,,1987,2,469,484,Active,April-22-2018 01:00 PM,April-22-2018 04:00 PM,http://www.redfin.com/VA/Arlington/1600-N-Oak-St-22209/unit-1023/home/11251103,MRIS,AR10208849,N,Y,38.8926124,-77.0734782
MLS Listing,,Condo/Co-op,10802 Antigua Ter #103,Rockville,MD,20852,364950,2,2.0,Bentley Place Codm,969,,1989,3,377,385,Active,,,http://www.redfin.com/MD/North-Bethesda/10802-Antigua-Ter-20852/unit-103/home/17962754,MRIS,MC10214993,N,Y,39.0326279,-77.1186324
MLS Listing,,Condo/Co-op,1225 Martha Custis Dr #1509,Alexandria,VA,22302,217500,1,1.0,Parkeast,815,,1980,3,267,508,Active,April-22-2018 01:00 PM,April-22-2018 03:00 PM,http://www.redfin.com/VA/Alexandria/1225-Martha-Custis-Dr-22302/unit-1509/home/11863242,MRIS,AX10214973,N,Y,38.8424553,-77.080145
MLS Listing,,Condo/Co-op,3101 Hampton Dr N #1209,Alexandria,VA,22302,239900,1,1.0,Northampton Place,715,,2004,3,336,476,Active,,,http://www.redfin.com/VA/Alexandria/3101-N-Hampton-Dr-22302/unit-1209/home/11877392,MRIS,AX10214914,N,Y,38.8381428,-77.1055022
MLS Listing,,Single Family Residential,406 Burgundy Dr,Rockville,MD,20850,325000,3,2.0,Maryvale,960,5500,1953,3,339,,Active,,,http://www.redfin.com/MD/Rockville/406-Burgundy-Dr-20850/home/10512241,MRIS,MC10214901,N,Y,39.0895035,-77.1426966
MLS Listing,,Condo/Co-op,1504 George Mason Dr #22,Arlington,VA,22204,199000,2,1.0,George Mason Village,850,,1965,3,234,601,Active,,,http://www.redfin.com/VA/Arlington/1504-S-George-Mason-Dr-22204/unit-22/home/11266099,MRIS,AR10214887,N,Y,38.8524402,-77.1047055
MLS Listing,,Condo/Co-op,222 George Mason Dr Unit 222-4,Arlington,VA,22203,209000,1,1.0,Arlington Oaks,651,,1940,3,321,410,Active,April-22-2018 02:00 PM,April-22-2018 04:00 PM,http://www.redfin.com/VA/Arlington/222-N-George-Mason-Dr-22203/unit-222-4/home/11257888,MRIS,AR10214867,N,Y,38.8709727,-77.1078926
MLS Listing,,Condo/Co-op,3806 Porter St NW #101,Washington,DC,20016,375000,1,1.0,Cleveland Park,763,,1985,3,491,376,Active,April-22-2018 01:00 PM,April-22-2018 03:00 PM,http://www.redfin.com/DC/Washington/3806-Porter-St-NW-20016/unit-101/home/145371764,MRIS,DC10214862,N,Y,38.936777,-77.0742994
MLS Listing,,Condo/Co-op,1121 Arlington Blvd #245,Arlington,VA,22209,155250,1,1.0,River Place,514,,1955,3,302,356,Active,,,http://www.redfin.com/VA/Arlington/1121-Arlington-Blvd-22209/unit-245/home/11252517,MRIS,AR10214759,N,Y,38.8935985,-77.0699826
MLS Listing,,Condo/Co-op,2926 Buchanan St S Unit B2,Arlington,VA,22206,345000,2,1.0,Fairlington,1031,,1944,3,335,325,Active,April-22-2018 01:00 PM,April-22-2018 04:00 PM,http://www.redfin.com/VA/Arlington/2926-S-Buchanan-St-22206/unit-B2/home/11268778,MRIS,AR10214744,N,Y,38.8385815,-77.1002648
MLS Listing,,Condo/Co-op,1800 Old Meadow Rd #1503,Mclean,VA,22102,399900,2,2.0,Regency At Mclean,1339,,1977,3,299,659,Active,,,http://www.redfin.com/VA/McLean/1800-Old-Meadow-Rd-22102/unit-1503/home/9386681,MRIS,FX10214596,N,Y,38.917248,-77.21517
MLS Listing,,Condo/Co-op,4500 S Four Mile Run Dr #1034,Arlington,VA,22204,344900,2,2.0,The Brittany,1395,,2005,3,247,569,Active,,,http://www.redfin.com/VA/Arlington/4500-S-Four-Mile-Run-Dr-22204/unit-1034/home/11282095,MRIS,AR10214544,N,Y,38.854497,-77.105913
MLS Listing,,Condo/Co-op,1201 East West Hwy #244,Silver Spring,MD,20910,325000,1,1.0,Silverton Codm,819,,2006,3,397,372,Active,,,http://www.redfin.com/MD/Silver-Spring/1201-East-West-Hwy-20910/unit-244/home/17393597,MRIS,MC10214411,N,Y,38.9900326,-77.0287999
MLS Listing,,Condo/Co-op,1852 Columbia Rd NW #304,Washington,DC,20009,399900,1,1.0,Kalorama,795,,1907,3,503,441,Active,April-22-2018 01:00 PM,April-22-2018 03:00 PM,http://www.redfin.com/DC/Washington/1852-Columbia-Rd-NW-20009/unit-304/home/12415610,MRIS,DC10214404,N,Y,38.9211764,-77.0432685
MLS Listing,,Condo/Co-op,1417 Newton St NW #407,Washington,DC,20010,349500,1,1.0,Columbia Heights,550,,1927,3,635,245,Active,,,http://www.redfin.com/DC/Washington/1417-Newton-St-NW-20010/unit-407/home/113010128,MRIS,DC10214323,N,Y,38.9323587,-77.0335528
MLS Listing,,Condo/Co-op,209 Trenton St Unit 209-2,Arlington,VA,22203,212000,1,1.0,Arlington Oaks,666,,1940,3,318,395,Active,,,http://www.redfin.com/VA/Arlington/209-N-Trenton-St-22203/unit-209-2/home/11258078,MRIS,AR10214286,N,Y,38.8709966,-77.106343
MLS Listing,,Condo/Co-op,5505 Seminary Rd Unit 807N,Falls Church,VA,22041,210000,1,1.0,Skyline Square,909,,1984,3,231,365,Active,,,http://www.redfin.com/VA/Falls-Church/5505-Seminary-Rd-22041/unit-807N/home/9660530,MRIS,FX10197383,N,Y,38.8422761,-77.1200284
MLS Listing,,Condo/Co-op,1801 QUEENS Ln #139,ARLINGTON,VA,22201,279000,1,1.0,ARLINGTON,602,,1940,3,463,282,Active,,,http://www.redfin.com/VA/Arlington/1801-Queens-Ln-22201/unit-139/home/143603590,BRIGHT MLS,1000419098,N,Y,38.8948024,-77.0796304
MLS Listing,,Condo/Co-op,1708 Newton St NW #304,Washington,DC,20010,349000,1,1.0,Mount Pleasant,670,,1922,3,521,303,Active,April-22-2018 12:00 PM,April-22-2018 03:00 PM,http://www.redfin.com/DC/Washington/1708-Newton-St-NW-20010/unit-304/home/10349405,MRIS,DC10214099,N,Y,38.9340467,-77.0391079
MLS Listing,,Townhouse,2312 17th St NW #1,Washington,DC,20009,369000,1,1.0,Adam's Morgan,592,,1900,3,623,184,Active,April-22-2018 01:00 PM,April-22-2018 03:00 PM,http://www.redfin.com/DC/Washington/2312-17th-St-NW-20009/unit-1/home/10344819,MRIS,DC10214080,N,Y,38.9205517,-77.0390517
MLS Listing,,Condo/Co-op,4551 Strutfield Ln #4330,Alexandria,VA,22311,370000,2,2.0,Palazzo At Park Center,1050,,2000,3,352,383,Active,,,http://www.redfin.com/VA/Alexandria/4551-Strutfield-Ln-22311/unit-4330/home/11877823,MRIS,AX10214017,N,Y,38.8355869,-77.10574
MLS Listing,,Single Family Residential,2205 Dexter Ave,Silver Spring,MD,20902,384500,3,2.0,Carroll Knolls,1483,7094,1949,3,259,,Active,,,http://www.redfin.com/MD/Silver-Spring/2205-Dexter-Ave-20902/home/10982848,MRIS,MC10214005,N,Y,39.0223645,-77.0483059
MLS Listing,,Condo/Co-op,3901 Cathedral Ave NW #514,Washington,DC,20016,259000,1,1.0,Observatory Circle,669,,1938,3,387,654,Active,April-22-2018 02:00 PM,April-22-2018 04:00 PM,http://www.redfin.com/DC/Washington/3901-Cathedral-Ave-NW-20016/unit-514/home/9965981,MRIS,DC10213974,N,Y,38.9296187,-77.0777168
MLS Listing,,Single Family Residential,12507 Farnell Dr,Silver Spring,MD,20906,369989,3,2.0,Glenmont Hills & Hgts,910,9712,1949,3,407,,Active,,,http://www.redfin.com/MD/Silver-Spring/12507-Farnell-Dr-20906/home/11008764,MRIS,MC10213921,N,Y,39.0607122,-77.0625851
MLS Listing,,Single Family Residential,1013 Loxford Ter,Silver Spring,MD,20901,300000,4,2.5,Forest Knolls,2057,10370,1960,3,146,,Active,,,http://www.redfin.com/MD/Silver-Spring/1013-Loxford-Ter-20901/home/11056380,MRIS,MC10213902,N,Y,39.0385263,-77.0177407
MLS Listing,,Condo/Co-op,240 M St SW Unit E305,Washington,DC,20024,309900,1,1.0,Rla (sw),570,,1967,3,544,665,Active,,,http://www.redfin.com/DC/Washington/240-M-St-SW-20024/unit-E305/home/9886321,MRIS,DC10213756,N,Y,38.8754195,-77.0158124
MLS Listing,,Condo/Co-op,6800 Fleetwood Rd #1112,Mclean,VA,22101,299000,2,2.0,Mc Lean House North,1235,,1975,3,242,928,Active,,,http://www.redfin.com/VA/McLean/6800-Fleetwood-Rd-22101/unit-1112/home/9394053,MRIS,FX10212493,N,Y,38.938789,-77.1784867
MLS Listing,,Condo/Co-op,3446 Connecticut Ave NW #308,Washington,DC,20008,330000,1,1.0,Cleveland Park,504,,1927,3,655,290,Active,April-22-2018 02:00 PM,April-22-2018 04:00 PM,http://www.redfin.com/DC/Washington/3446-Connecticut-Ave-NW-20008/unit-308/home/12531316,MRIS,DC10213714,N,Y,38.9353815,-77.0590098
MLS Listing,,Single Family Residential,9917 Tenbrook Dr,Silver Spring,MD,20901,349900,3,1.5,Argyle Club Estates,1405,6000,1948,3,249,,Active,,,http://www.redfin.com/MD/Silver-Spring/9917-Tenbrook-Dr-20901/home/10980852,MRIS,MC10213611,N,Y,39.0186705,-77.0313262
MLS Listing,,Condo/Co-op,11710 Old Georgetown Rd #1503,North Bethesda,MD,20852,320000,1,1.0,Gallery At White Flint P,788,,2001,3,406,307,Active,,,http://www.redfin.com/MD/Rockville/11710-Old-Georgetown-Rd-20852/unit-1503/home/145363344,MRIS,MC10213614,N,Y,39.0502137,-77.1124961
MLS Listing,,Condo/Co-op,4000 Tunlaw Rd NW #628,Washington,DC,20007,275000,1,1.0,Glover Park,672,,1960,3,409,573,Active,April-22-2018 02:30 PM,April-22-2018 04:30 PM,http://www.redfin.com/DC/Washington/4000-Tunlaw-Rd-NW-20007/unit-628/home/9959811,MRIS,DC10213567,N,Y,38.9252674,-77.0804147
MLS Listing,,Condo/Co-op,102 Birch St Unit A-2,Falls Church,VA,22046,210000,1,1.0,Falls Plaze Condo,650,,1962,3,323,334,Active,,,http://www.redfin.com/VA/Falls-Church/102-Birch-St-22046/unit-A-2/home/12033857,MRIS,FA10213545,N,Y,38.895487,-77.188186
MLS Listing,,Condo/Co-op,4077 Four Mile Run Dr S #401,Arlington,VA,22204,334900,1,1.0,West Village Of Shirlington,941,,1966,3,356,344,Active,April-22-2018 02:00 PM,April-22-2018 04:00 PM,http://www.redfin.com/VA/Arlington/4077-S-Four-Mile-Run-Dr-22204/unit-401/home/12042089,MRIS,AR10213514,N,Y,38.8485519,-77.0969648
MLS Listing,,Condo/Co-op,5301 Westbard Cir #146,Bethesda,MD,20816,345000,2,2.0,Kenwood Place Codm,1095,,1960,3,315,563,Active,April-22-2018 02:00 PM,April-22-2018 04:00 PM,http://www.redfin.com/MD/Bethesda/5301-Westbard-Cir-20816/unit-146/home/10690947,MRIS,MC10213507,N,Y,38.9638326,-77.1092334
MLS Listing,,Townhouse,3486 Martha Custis Dr,Alexandria,VA,22302,237000,1,1.0,Parkfairfax,750,,1941,3,316,400,Active,,,http://www.redfin.com/VA/Alexandria/3486-Martha-Custis-Dr-22302/unit-316-3486/home/11861125,MRIS,AX10212716,N,Y,38.841949,-77.074694
MLS Listing,,Condo/Co-op,3901 Cathedral Ave NW #404,Washington,DC,20016,389900,2,1.0,Observatory Circle,943,,1938,3,413,999,Active,April-22-2018 01:00 PM,April-22-2018 03:00 PM,http://www.redfin.com/DC/Washington/3901-Cathedral-Ave-NW-20016/unit-404/home/143336700,MRIS,DC10209937,N,Y,38.9294482,-77.0775361
MLS Listing,,Condo/Co-op,10201 Grosvenor Pl #1009,North Bethesda,MD,20852,299999,2,2.0,Grosvenor Park I,1208,,1964,3,248,886,Active,,,http://www.redfin.com/MD/Rockville/10201-Grosvenor-Pl-20852/unit-1009/home/10522584,MRIS,MC10211117,N,Y,39.0250388,-77.105682
MLS Listing,,Condo/Co-op,3327 Wakefield St Unit B,Arlington,VA,22206,364900,2,1.0,Fairlington Commons,922,,1940,3,396,284,Active,April-22-2018 01:00 PM,April-22-2018 04:00 PM,http://www.redfin.com/VA/Arlington/3327-S-Wakefield-St-22206/unit-B/home/11269512,MRIS,AR10199639,N,Y,38.8353144,-77.0891346
MLS Listing,,Single Family Residential,321 Grandin Ave,Rockville,MD,20850,379000,2,1.5,Croyden Park,950,5751,1949,3,399,,Active,,,http://www.redfin.com/MD/Rockville/321-Grandin-Ave-20850/home/10510613,MRIS,MC10210127,N,Y,39.0851846,-77.1431798
MLS Listing,,Condo/Co-op,1111 University Blvd W Unit 1111-A,Silver Spring,MD,20902,116000,1,1.0,University Towers Codm,776,,1967,4,149,548,Active,,,http://www.redfin.com/MD/Silver-Spring/1111-University-Blvd-W-20902/unit-1111A/home/11117327,MRIS,MC10213438,N,Y,39.0376297,-77.027814
MLS Listing,,Condo/Co-op,8350 Greensboro Dr #319,Mclean,VA,22102,369900,2,2.0,Rotonda,1132,,1978,4,327,640,Active,,,http://www.redfin.com/VA/McLean/8350-Greensboro-Dr-22102/unit-319/home/9379307,MRIS,FX10208847,N,Y,38.9281446,-77.2328248
MLS Listing,,Single Family Residential,2009 Gainsboro Rd,Rockville,MD,20851,346000,3,1.0,Rockland,1064,6300,1952,4,325,,Active,April-22-2018 01:00 PM,April-22-2018 03:00 PM,http://www.redfin.com/MD/Rockville/2009-Gainsboro-Rd-20851/home/10513663,MRIS,MC10213307,N,Y,39.0691898,-77.1239098
MLS Listing,,Condo/Co-op,3312 Wyndham Cir #108,Alexandria,VA,22302,309900,2,2.0,Pointe At Park C,939,,1990,4,330,285,Active,,,http://www.redfin.com/VA/Alexandria/3312-Wyndham-Cir-22302/unit-108/home/11877026,MRIS,AX10213228,N,Y,38.8349959,-77.10192
MLS Listing,,Condo/Co-op,4500 Four Mile Run Dr #318,Arlington,VA,22204,319900,2,2.0,The Brittany,1129,,2005,4,283,569,Active,,,http://www.redfin.com/VA/Arlington/4500-S-Four-Mile-Run-Dr-22204/unit-318/home/11281842,MRIS,AR10213225,N,Y,38.854497,-77.105913
MLS Listing,,Condo/Co-op,5111 8th Rd S #301,Arlington,VA,22204,220000,3,2.0,Columbia Knolls,1498,,1961,4,147,897,Active,April-22-2018 01:00 PM,April-22-2018 05:00 PM,http://www.redfin.com/VA/Arlington/5111-8th-Rd-S-22204/unit-301/home/11259084,MRIS,AR10213195,N,Y,38.8576973,-77.1165606
MLS Listing,,Single Family Residential,11510 Goodloe Rd,Silver Spring,MD,20906,349900,3,2.0,Veirs Mill Village,1296,5887,1946,4,270,,Active,April-22-2018 01:00 PM,April-22-2018 03:30 PM,http://www.redfin.com/MD/Silver-Spring/11510-Goodloe-Rd-20906/home/11002661,MRIS,MC10213175,N,Y,39.0444421,-77.0857309
MLS Listing,,Condo/Co-op,2230 George C Marshall Dr #224,Falls Church,VA,22043,260000,1,1.0,Renaissance 2230,792,,1987,4,328,422,Active,April-22-2018 01:00 PM,April-22-2018 04:00 PM,http://www.redfin.com/VA/Falls-Church/2230-George-C-Marshall-Dr-22043/unit-224/home/9849385,MRIS,FX10212894,N,Y,38.9006936,-77.2138394
MLS Listing,,Condo/Co-op,4356 Lee Hwy #303,Arlington,VA,22207,269900,1,1.0,Balmoral Condominiums,822,,1964,4,328,362,Active,April-22-2018 02:00 PM,April-22-2018 04:00 PM,http://www.redfin.com/VA/Arlington/4356-Lee-Hwy-22207/unit-303/home/11235020,MRIS,AR10212840,N,Y,38.8974998,-77.1155717
MLS Listing,,Condo/Co-op,801 Greenbrier St #103,Arlington,VA,22204,349000,2,2.5,Sierra Condominium,1150,,2005,4,303,484,Active,,,http://www.redfin.com/VA/Arlington/801-S-Greenbrier-St-22204/unit-103/home/11281561,MRIS,AR10212564,N,Y,38.8576322,-77.1192127
MLS Listing,,Condo/Co-op,110 George Mason Dr Unit 110-1,Arlington,VA,22203,219900,1,1.0,Arlington Oaks,651,,1940,4,338,406,Active,April-22-2018 01:00 PM,April-22-2018 03:00 PM,http://www.redfin.com/VA/Arlington/110-N-George-Mason-Dr-22203/unit-110-1/home/11257849,MRIS,AR10212532,N,Y,38.8699268,-77.1076004
MLS Listing,,Condo/Co-op,10600 Kenilworth Ave Unit K-203,Bethesda,MD,20814,320000,3,1.5,Parkside Codm,1083,,1962,4,295,472,Active,April-22-2018 01:00 PM,April-22-2018 03:00 PM,http://www.redfin.com/MD/Bethesda/10600-Kenilworth-Ave-20814/unit-K-203/home/145347373,MRIS,MC10212444,N,Y,39.0304971,-77.0951414
MLS Listing,,Townhouse,3901 Tunlaw Rd NW #602,Washington,DC,20007,318300,1,1.0,Observatory Circle,809,,1952,4,393,502,Active,,,http://www.redfin.com/DC/Washington/3901-Tunlaw-Rd-NW-20007/unit-602/home/9965015,MRIS,DC10212394,N,Y,38.9259736,-77.0781747
MLS Listing,,Condo/Co-op,801 Pitt St #1010,Alexandria,VA,22314,259000,1,1.0,Port Royal,785,,1965,4,330,840,Active,April-22-2018 02:00 PM,April-22-2018 04:00 PM,http://www.redfin.com/VA/Alexandria/801-N-Pitt-St-22314/unit-1010/home/11866867,MRIS,AX10212229,N,Y,38.8133756,-77.042279
MLS Listing,,Condo/Co-op,3601 38th St NW #303,Washington,DC,20016,389000,1,1.0,Cleveland Park,800,,1985,4,486,347,Active,,,http://www.redfin.com/DC/Washington/3601-38th-St-NW-20016/unit-303/home/9968023,MRIS,DC10203903,N,Y,38.9376295,-77.0758144
MLS Listing,,Condo/Co-op,1021 Arlington Blvd #543,Arlington,VA,22209,260000,1,1.0,River Place,716,,1955,5,363,514,Active,April-22-2018 01:00 PM,April-22-2018 03:00 PM,http://www.redfin.com/VA/Arlington/1021-Arlington-Blvd-22209/unit-543/home/11253825,MRIS,AR10212104,N,Y,38.8929957,-77.0689033
MLS Listing,,Single Family Residential,927 Lewis Ave,Rockville,MD,20851,339700,2,1.0,Rockcrest,1008,6250,1940,5,337,,Active,,,http://www.redfin.com/MD/Rockville/927-Lewis-Ave-20851/home/10513330,MRIS,MC10208972,N,Y,39.0761413,-77.1359553
MLS Listing,,Condo/Co-op,10600 Weymouth St #201,Bethesda,MD,20814,235000,1,1.0,Parkside Codm,780,,1964,5,301,344,Active,April-22-2018 01:00 PM,April-22-2018 04:00 PM,http://www.redfin.com/MD/Bethesda/10600-Weymouth-St-20814/unit-201/home/10535906,MRIS,MC10206327,N,Y,39.0285873,-77.0951621
MLS Listing,,Condo/Co-op,2302 Colston Dr Unit C-202,Silver Spring,MD,20910,289000,2,1.0,Rock Creek Apts Codm 1,733,,1948,5,394,535,Active,,,http://www.redfin.com/MD/Silver-Spring/2302-Colston-Dr-20910/unit-C-202/home/145336550,MRIS,MC10211748,N,Y,38.994176,-77.0486652
MLS Listing,,Condo/Co-op,730 24th St NW #309,Washington,DC,20037,265000,1,1.0,Foggy Bottom,730,,1961,5,363,662,Active,April-22-2018 12:00 PM,April-22-2018 02:00 PM,http://www.redfin.com/DC/Washington/730-24th-St-NW-20037/unit-309/home/21998591,MRIS,DC10211754,N,Y,38.8989336,-77.0517241
MLS Listing,,Condo/Co-op,1111 University Blvd W Unit 804-A,Silver Spring,MD,20902,129000,2,2.0,University Towers Codm,1107,,1967,5,117,733,Active,,,http://www.redfin.com/MD/Silver-Spring/1111-University-Blvd-W-20902/unit-804A/home/11117123,MRIS,MC10211648,N,Y,39.0376297,-77.027814
MLS Listing,,Townhouse,10251 Green Holly Ter,Silver Spring,MD,20902,399000,3,3.5,Forest Estates,1360,2323,1984,5,293,81,Active,,,http://www.redfin.com/MD/Silver-Spring/10251-Green-Holly-Ter-20902/home/11113505,MRIS,MC10211429,N,Y,39.022839,-77.039955
MLS Listing,,Condo/Co-op,1718 P St NW #912,Washington,DC,20036,285000,1,1.0,Dupont,495,,1968,5,576,508,Active,,,http://www.redfin.com/DC/Washington/1718-P-St-NW-20036/unit-912/home/9862827,MRIS,DC10198868,N,Y,38.9094166,-77.0393103
MLS Listing,,Condo/Co-op,2811 Arlington Blvd Unit 101B,Arlington,VA,22201,305000,2,1.0,Cambridge Courts,781,,1944,5,391,376,Active,April-22-2018 01:00 PM,April-22-2018 03:00 PM,http://www.redfin.com/VA/Arlington/2811-Arlington-Blvd-22201/unit-101B/home/11255868,MRIS,AR10211380,N,Y,38.8743176,-77.0889908
MLS Listing,,Condo/Co-op,11801 Rockville Pike Ph 03,Rockville,MD,20852,274900,2,2.0,The Forum,1154,,1968,5,238,825,Active,,,http://www.redfin.com/MD/North-Bethesda/11801-Rockville-Pike-20852/unit-03/home/10523444,MRIS,MC10211086,N,Y,39.0511034,-77.1131149
MLS Listing,,Townhouse,2829 S Abingdon St Unit A,Arlington,VA,22206,390000,2,1.0,Fairlington Vil,982,,1944,6,397,327,Active,,,http://www.redfin.com/VA/Arlington/2829-S-Abingdon-St-22206/unit-A/home/11267588,MRIS,AR10211070,N,Y,38.8419709,-77.1004127
MLS Listing,,Condo/Co-op,1225 Martha Custis Dr #1001,Alexandria,VA,22302,245000,1,1.0,Parkeast,917,,1980,6,267,570,Active,,,http://www.redfin.com/VA/Alexandria/1225-Martha-Custis-Dr-22302/unit-1001/home/11863154,MRIS,AX10211015,N,Y,38.8424553,-77.080145
MLS Listing,,Condo/Co-op,6001 Arlington Blvd Unit T15,Falls Church,VA,22044,189999,1,1.0,Woodlake Towers,675,,1970,6,281,419,Active,,,http://www.redfin.com/VA/Falls-Church/6001-Arlington-Blvd-22044/unit-T15/home/9568665,MRIS,FX10210656,N,Y,38.8651068,-77.1375957
MLS Listing,,Condo/Co-op,989 Buchanan St S #208,Arlington,VA,22204,262084,1,1.0,Trafalgar Flats,453,,2018,6,579,192,Active,,,http://www.redfin.com/VA/Arlington/989-S-Buchanan-St-22204/unit-208/home/145331581,MRIS,AR10210503,N,Y,38.8569451,-77.1086145
MLS Listing,,Condo/Co-op,3100 Manchester St #502,Falls Church,VA,22044,215000,2,2.0,Woodlake Towers,1067,,1972,6,201,698,Active,,,http://www.redfin.com/VA/Falls-Church/3100-S-Manchester-St-22044/unit-502/home/9569503,MRIS,FX10210249,N,Y,38.864211,-77.1363716
MLS Listing,,Condo/Co-op,5301 Westbard Cir #119,Bethesda,MD,20816,325000,2,1.0,Kenwood Place Codm,1267,,1960,6,257,784,Active,April-22-2018 02:00 PM,April-22-2018 04:00 PM,http://www.redfin.com/MD/Bethesda/5301-Westbard-Cir-20816/unit-119/home/10690889,MRIS,MC10210129,N,Y,38.9638326,-77.1092334
MLS Listing,,Condo/Co-op,4007 Connecticut Ave NW #405,Washington,DC,20008,395000,1,1.0,Cleveland Park,700,,1930,7,564,359,Active,April-22-2018 01:00 PM,April-22-2018 03:00 PM,http://www.redfin.com/DC/Washington/4007-Connecticut-Ave-NW-20008/unit-405/home/10183885,MRIS,DC10210084,N,Y,38.9412597,-77.0613484
MLS Listing,,Condo/Co-op,3705 George Mason Dr S Unit 2002S,Falls Church,VA,22041,210000,1,1.0,Skyline Plaza,956,,1975,7,220,469,Active,April-22-2018 01:00 PM,April-22-2018 03:00 PM,http://www.redfin.com/VA/Falls-Church/3705-S-George-Mason-Dr-22041/unit-2002S/home/9658608,MRIS,FX10209866,N,Y,38.84292,-77.1137662
MLS Listing,,Condo/Co-op,26 Old Glebe Rd Unit 306-B,Arlington,VA,22204,199900,1,1.0,Arbors Of Arlington,663,,1942,7,302,316,Active,April-22-2018 01:00 PM,April-22-2018 03:00 PM,http://www.redfin.com/VA/Arlington/26-S-Old-Glebe-Rd-22204/unit-306-B/home/11262183,MRIS,AR10209786,N,Y,38.8698308,-77.0984666
MLS Listing,,Condo/Co-op,1121 University Blvd Unit 318-B,Silver Spring,MD,20902,150000,2,2.0,University Towers Codm,1078,,1967,7,139,828,Active,April-22-2018 12:30 PM,April-22-2018 02:30 PM,http://www.redfin.com/MD/Silver-Spring/1121-University-Blvd-W-20902/unit-318-B/home/145326286,MRIS,MC10209781,N,Y,39.0384614,-77.0282214
MLS Listing,,Townhouse,1414 Barton St S #447,Arlington,VA,22204,285000,1,1.0,Arlington Village,800,,1939,7,356,370,Active,April-22-2018 01:00 PM,April-22-2018 04:00 PM,http://www.redfin.com/VA/Arlington/1414-S-Barton-St-22204/unit-447/home/11273237,MRIS,AR10209752,N,Y,38.8590933,-77.083546
MLS Listing,,Townhouse,3102 Valley Dr Unit 202-3102,Alexandria,VA,22302,327500,2,1.0,Parkfairfax,930,,1941,7,352,486,Active,,,http://www.redfin.com/VA/Alexandria/3102-Valley-Dr-22302/unit-202-3102/home/143653681,MRIS,AX10209727,N,Y,38.8326349,-77.0797988
MLS Listing,,Condo/Co-op,4500 Four Mile Run Dr #101,Arlington,VA,22204,345000,2,2.0,The Brittany,1448,,2005,7,238,657,Active,,,http://www.redfin.com/VA/Arlington/4500-S-Four-Mile-Run-Dr-22204/unit-101/home/11281758,MRIS,AR10209671,N,Y,38.854497,-77.105913
MLS Listing,,Condo/Co-op,4600 Connecticut Ave NW #904,Washington,DC,20008,324900,1,1.0,Wakefield,704,,1948,8,462,514,Active,,,http://www.redfin.com/DC/Washington/4600-Connecticut-Ave-NW-20008/unit-904/home/9976697,MRIS,DC10209634,N,Y,38.9503741,-77.067869
MLS Listing,,Condo/Co-op,1501 Lincoln Way #304,Mclean,VA,22102,385000,2,2.0,Fountains At Mclean,1050,,1988,8,367,413,Active,April-22-2018 01:00 PM,April-22-2018 04:00 PM,http://www.redfin.com/VA/McLean/1501-Lincoln-Way-22102/unit-304/home/143730693,MRIS,FX10195525,N,Y,38.93164,-77.227895
MLS Listing,,Condo/Co-op,5060 7th Rd S #101,Arlington,VA,22204,199000,1,1.0,Park Spring,811,,1969,8,245,379,Active,,,http://www.redfin.com/VA/Arlington/5060-7th-Rd-S-22204/unit-101/home/11259498,MRIS,AR10209408,N,Y,38.8589631,-77.1170872
MLS Listing,,Condo/Co-op,1021 Arlington Blvd #222,Arlington,VA,22209,145000,1,1.0,River Place East,383,,1955,8,379,244,Active,,,http://www.redfin.com/VA/Arlington/1021-Arlington-Blvd-22209/unit-222/home/45395687,MRIS,AR10209349,N,Y,38.8929957,-77.0689033
MLS Listing,,Condo/Co-op,118 Monroe St #1104,Rockville,MD,20850,183000,1,1.0,Americana Centre,870,,1971,8,210,871,Active,,,http://www.redfin.com/MD/Rockville/118-Monroe-St-20850/unit-1104/home/10521462,MRIS,MC10209146,N,Y,39.0820527,-77.1478423
MLS Listing,,Townhouse,3746 HOLMES Ln,ALEXANDRIA,VA,22302,320000,2,1.0,ALEXANDRIA,930,,1941,8,344,468,Active,April-22-2018 02:00 PM,April-22-2018 04:00 PM,http://www.redfin.com/VA/Alexandria/3746-Holmes-Ln-22302/unit-509-3746/home/11860489,BRIGHT MLS,1000386418,N,Y,38.8413761,-77.0795662
MLS Listing,,Townhouse,3746 Holmes Ln,Alexandria,VA,22302,320000,2,1.0,Parkfairfax,930,,1941,8,344,468,Active,April-22-2018 02:00 PM,April-22-2018 04:00 PM,http://www.redfin.com/VA/Alexandria/3746-Holmes-Ln-22302/unit-3746/home/143283798,MRIS,AX10206168,N,Y,38.8413761,-77.0795662
MLS Listing,,Condo/Co-op,4515 WILLARD Ave Unit 1715S,CHEVY CHASE,MD,20815,280000,1,1.5,CHEVY CHASE,880,,1968,9,318,598,Active,,,http://www.redfin.com/MD/Chevy-Chase/4515-Willard-Ave-20815/unit-1715S/home/145336041,BRIGHT MLS,1000398146,N,Y,38.9624844,-77.0898117
MLS Listing,,Condo/Co-op,4515 Willard Ave Unit 1715S,Chevy Chase,MD,20815,280000,1,1.5,Willoughby Of Ch Ch Codm,880,,1968,9,318,598,Active,,,http://www.redfin.com/MD/Chevy-Chase/4515-Willard-Ave-20815/unit-1715S/home/143385512,MRIS,MC10209112,N,Y,38.9624844,-77.0898117
MLS Listing,,Condo/Co-op,1808 Old Meadow Rd #702,Mclean,VA,22102,294999,1,1.0,Encore Of Mclean,784,,1986,9,376,475,Active,,,http://www.redfin.com/VA/McLean/1808-Old-Meadow-Rd-22102/unit-702/home/9462106,MRIS,FX10209078,N,Y,38.9166662,-77.2163311
MLS Listing,,Condo/Co-op,4515 Willard Ave Unit 812S,Chevy Chase,MD,20815,310000,1,1.0,Willoughby Of Ch Ch Codm,878,,1968,9,353,666,Active,April-22-2018 02:00 PM,April-22-2018 04:00 PM,http://www.redfin.com/MD/Chevy-Chase/4515-Willard-Ave-20815/unit-812S/home/113512273,MRIS,MC10209032,N,Y,38.9624844,-77.0898117
MLS Listing,,Condo/Co-op,118 Monroe St #1004,Rockville,MD,20850,195000,1,1.0,Americana Centre,870,,1971,9,224,871,Active,,,http://www.redfin.com/MD/Rockville/118-Monroe-St-20850/unit-1004/home/10521442,MRIS,MC10209018,N,Y,39.0820527,-77.1478423
MLS Listing,,Condo/Co-op,5225 Pooks Hill Rd Unit 810S,Bethesda,MD,20814,249000,2,1.0,The Promenade Towers,1117,,1973,9,223,2544,Active,April-22-2018 03:00 PM,April-22-2018 05:00 PM,http://www.redfin.com/MD/Bethesda/5225-Pooks-Hill-Rd-20814/unit-810S/home/145351002,MRIS,MC10208719,N,Y,39.0167159,-77.106924
MLS Listing,,Townhouse,3729 Nimitz Rd,Kensington,MD,20895,339900,4,3.5,North Kensington,1428,1685,1981,9,238,75,Active,,,http://www.redfin.com/MD/Kensington/3729-Nimitz-Rd-20895/home/11108497,MRIS,MC10208711,N,Y,39.03567,-77.074675
MLS Listing,,Condo/Co-op,1600 Oak St #1003,Arlington,VA,22209,399500,1,1.0,The Belvedere,750,,1986,9,533,458,Active,,,http://www.redfin.com/VA/Arlington/1600-N-Oak-St-22209/unit-1003/home/11250827,MRIS,AR10208624,N,Y,38.8926124,-77.0734782
MLS Listing,,Condo/Co-op,2230 George C Marshall Dr #812,Falls Church,VA,22043,349000,2,2.0,Renaissance 2230,1074,,1987,9,325,559,Active,,,http://www.redfin.com/VA/Falls-Church/2230-George-C-Marshall-Dr-22043/unit-812/home/9849501,MRIS,FX10205511,N,Y,38.9006936,-77.2138394
MLS Listing,,Condo/Co-op,4970 Battery Ln #409,Bethesda,MD,20814,350000,2,2.0,Sussex House,1088,,1963,9,322,783,Active,,,http://www.redfin.com/MD/Bethesda/4970-Battery-Ln-20814/unit-409/home/10684211,MRIS,MC10208263,N,Y,38.9919672,-77.1009167
MLS Listing,,Condo/Co-op,4201 Cathedral Ave NW Unit 1212E,Washington,DC,20016,265000,1,1.0,Wesley Heights,643,,1960,9,412,611,Active,,,http://www.redfin.com/DC/Washington/4201-Cathedral-Ave-NW-20016/unit-1212E/home/9952147,MRIS,DC10208292,N,Y,38.9307588,-77.0829996
MLS Listing,,Condo/Co-op,1001 Randolph St #102,Arlington,VA,22201,339900,1,1.0,Eastview At Ballston Metro,610,,2005,9,557,413,Active,,,http://www.redfin.com/VA/Arlington/1001-N-Randolph-St-22201/unit-102/home/11280341,MRIS,AR10208242,N,Y,38.8831226,-77.109
MLS Listing,,Condo/Co-op,4500 Four Mile Run #733,Arlington,VA,22204,299900,2,1.0,The Brittany,1043,,2005,9,288,500,Active,,,http://www.redfin.com/VA/Arlington/4500-S-Four-Mile-Run-Dr-22204/unit-733/home/11281993,MRIS,FX10208183,N,Y,38.854497,-77.105913
MLS Listing,,Condo/Co-op,3026 Wisconsin Ave NW #208,Washington,DC,20016,299900,1,1.0,Cleveland Park,463,,1930,9,648,323,Active,,,http://www.redfin.com/DC/Washington/3026-Wisconsin-Ave-NW-20016/unit-208/home/10190477,MRIS,DC10207911,N,Y,38.9302208,-77.0731491
MLS Listing,,Condo/Co-op,7420 Westlake Ter #1602,Bethesda,MD,20817,234900,2,2.0,Westlake Park Bldg B Cod,1077,,1976,9,218,907,Active,,,http://www.redfin.com/MD/Bethesda/7420-Westlake-Ter-20817/unit-1602/home/10906399,MRIS,MC10207694,N,Y,39.0259865,-77.1507183
MLS Listing,,Condo/Co-op,2511 Arlington Blvd #102,Arlington,VA,22201,264750,1,1.0,Cambridge Courts,642,,1943,9,412,316,Active,April-22-2018 01:00 PM,April-22-2018 04:00 PM,http://www.redfin.com/VA/Arlington/2511-Arlington-Blvd-22201/unit-102/home/18555144,MRIS,AR10207667,N,Y,38.874608,-77.0862676
MLS Listing,,Condo/Co-op,3060 16th St NW #103,Washington,DC,20009,340000,1,1.0,Mount Pleasant,508,,1922,9,669,299,Active,,,http://www.redfin.com/DC/Washington/3060-16th-St-NW-20009/unit-103/home/10007557,MRIS,DC10206564,N,Y,38.9282933,-77.0368679
MLS Listing,,Condo/Co-op,118 Monroe St #1010,Rockville,MD,20850,210000,2,2.0,Americana Centre,1231,,1971,9,171,962,Active,April-29-2018 12:00 PM,April-29-2018 03:00 PM,http://www.redfin.com/MD/Rockville/118-Monroe-St-20850/unit-1010/home/145309886,MRIS,MC10207376,N,Y,39.0820527,-77.1478423
MLS Listing,,Condo/Co-op,1000 New Jersey Ave SE #721,Washington,DC,20003,379999,1,1.0,Old City #1,712,,2006,9,534,1014,Active,,,http://www.redfin.com/DC/Washington/1000-New-Jersey-Ave-SE-20003/unit-721/home/145309885,MRIS,DC10201700,N,Y,38.878061,-77.0043928
MLS Listing,,Condo/Co-op,4201 Cathedral Ave NW Unit 1407E,Washington,DC,20016,279000,1,1.0,Wesley Heights,888,,1960,10,314,777,Active,,,http://www.redfin.com/DC/Washington/4201-Cathedral-Ave-NW-20016/unit-1407E/home/9952197,MRIS,DC10207591,N,Y,38.9307588,-77.0829996
MLS Listing,,Condo/Co-op,10101 Grosvenor Pl #1710,North Bethesda,MD,20852,339900,2,1.0,10101 Grosvenor Park Cod,1108,,1986,10,307,577,Active,,,http://www.redfin.com/MD/Rockville/10101-Grosvenor-Pl-20852/unit-1710/home/11209136,MRIS,MC10205335,N,Y,39.0232354,-77.1046031
MLS Listing,,Condo/Co-op,7621 Tremayne Pl #205,Mclean,VA,22102,274900,2,1.0,The Colonies,966,,1974,10,285,585,Active,April-22-2018 02:00 PM,April-22-2018 04:00 PM,http://www.redfin.com/VA/McLean/7621-Tremayne-Pl-22102/unit-205/home/9400434,MRIS,FX10207421,N,Y,38.917963,-77.20697
MLS Listing,,Condo/Co-op,5225 Pooks Hill Rd Unit 1701N,Bethesda,MD,20814,315000,2,1.0,Promenade Towers Coop,1215,,1973,10,259,1137,Active,,,http://www.redfin.com/MD/Bethesda/5225-Pooks-Hill-Rd-20814/unit-1701N/home/113608561,MRIS,MC10207362,N,Y,39.0167159,-77.106924
MLS Listing,,Condo/Co-op,2848 Annandale Rd #325,Falls Church,VA,22042,185000,2,1.0,James Lee,682,,1966,10,271,357,Active,,,http://www.redfin.com/VA/Falls-Church/2848-Annandale-Rd-22042/unit-325/home/9554740,MRIS,FX10207269,N,Y,38.8752097,-77.1760267
MLS Listing,,Condo/Co-op,240 M St SW Unit E315,Washington,DC,20024,365000,1,1.0,Rla (sw),930,,1967,10,392,810,Active,,,http://www.redfin.com/DC/Washington/240-M-St-SW-20024/unit-E315/home/9886341,MRIS,DC10207154,N,Y,38.8754195,-77.0158124
MLS Listing,,Condo/Co-op,3620 Connecticut Ave NW #33,Washington,DC,20008,310000,1,1.0,Cleveland Park,610,,1926,10,508,470,Active,,,http://www.redfin.com/DC/Washington/3620-Connecticut-Ave-NW-20008/unit-33/home/19004076,MRIS,DC10207151,N,Y,38.9376685,-77.0600889
MLS Listing,,Condo/Co-op,900 Taylor St #629,Arlington,VA,22203,109000,1,1.0,The Jefferson,775,,1992,10,141,271,Active,,,http://www.redfin.com/VA/Arlington/900-N-Taylor-St-22203/unit-629/home/11246482,MRIS,AR10207125,N,Y,38.8812752,-77.1130095
MLS Listing,,Condo/Co-op,5754 Colorado Ave NW #302,Washington,DC,20011,349000,2,2.0,16th Street Heights,711,,1938,10,491,402,Active,April-22-2018 02:00 PM,April-22-2018 04:00 PM,http://www.redfin.com/DC/Washington/5754-Colorado-Ave-NW-20011/unit-302/home/10349555,MRIS,DC10206864,N,Y,38.9600134,-77.0303815
MLS Listing,,Condo/Co-op,900 Taylor St #1524,Arlington,VA,22203,154900,1,1.0,The Jefferson Residential Condominium,775,,1992,10,200,3339,Active,,,http://www.redfin.com/VA/Arlington/900-N-Taylor-St-22203/unit-1524/home/11246638,MRIS,AR10206928,N,N,38.8812752,-77.1130095
MLS Listing,,Townhouse,8032 Quarry Ridge Way Unit 3B,Bethesda,MD,20817,389900,2,1.0,River Hill Codm,782,,1987,10,499,325,Active,,,http://www.redfin.com/MD/Bethesda/8032-Quarry-Ridge-Way-20817/unit-3B/home/10920306,MRIS,MC10206760,N,Y,38.9954556,-77.1634356
MLS Listing,,Condo/Co-op,2904 Willston Pl #201,Falls Church,VA,22044,155000,1,1.0,Villages At Falls Ch,578,,1952,10,268,293,Active,,,http://www.redfin.com/VA/Falls-Church/2904-Willston-Pl-22044/unit-201/home/143565182,MRIS,FX10206631,N,Y,38.8727189,-77.151677
MLS Listing,,Condo/Co-op,1220 Blair Mill Rd #610,Silver Spring,MD,20910,270900,1,1.0,Mica Codm @ Silver Sprin,820,,1968,10,330,681,Active,,,http://www.redfin.com/MD/Silver-Spring/1220-Blair-Mill-Rd-20910/unit-610/home/23467067,MRIS,MC10206445,N,Y,38.9894781,-77.0302241
MLS Listing,,Condo/Co-op,3510 16th St NW #104,Washington,DC,20010,385555,2,2.0,Mount Pleasant,578,,1920,10,667,380,Active,,,http://www.redfin.com/DC/Washington/3510-16th-St-NW-20010/unit-104/home/21645986,MRIS,DC10205541,N,Y,38.9349758,-77.0367369
MLS Listing,,Condo/Co-op,228 Thomas St N #4,Arlington,VA,22203,214900,1,1.0,Arlington Oaks Condominium,666,,1940,10,323,410,Active,,,http://www.redfin.com/VA/Arlington/228-N-Thomas-St-22203/unit-4/home/145304811,MRIS,AR10206325,N,Y,38.8715421,-77.1056043
MLS Listing,,Condo/Co-op,1300 Army Navy Dr #502,Arlington,VA,22202,279900,1,1.0,Horizon House,900,,1965,10,311,685,Active,April-22-2018 01:00 PM,April-22-2018 04:00 PM,http://www.redfin.com/VA/Arlington/1300-Army-Navy-Dr-22202/unit-502/home/11275099,MRIS,AR10206157,N,Y,38.8635617,-77.0669817
MLS Listing,,Condo/Co-op,2651 Walter Reed Dr S Unit A,Arlington,VA,22206,315000,2,1.0,The Arlington,810,,1950,10,389,293,Active,,,http://www.redfin.com/VA/Arlington/2651-S-Walter-Reed-Dr-22206/unit-A/home/11268014,MRIS,AR10206107,N,Y,38.8415038,-77.1044515
MLS Listing,,Condo/Co-op,2880 Abingdon St Unit B1,Arlington,VA,22206,279999,1,1.0,Fairlington Village,711,,1944,10,394,234,Active,,,http://www.redfin.com/VA/Arlington/2880-S-Abingdon-St-22206/unit-B1/home/11268406,MRIS,AR10203563,N,Y,38.8400219,-77.0991803
MLS Listing,,Condo/Co-op,1510 12th St N #202,Arlington,VA,22209,345000,1,1.0,1510 Condo,895,,1972,10,385,508,Active,April-22-2018 01:00 PM,April-22-2018 04:00 PM,http://www.redfin.com/VA/Arlington/1510-12th-St-N-22209/unit-202/home/11252267,MRIS,AR10203391,N,Y,38.8878381,-77.0746267
MLS Listing,,Condo/Co-op,7621 Provincial Dr #304,Mclean,VA,22102,245000,1,1.0,The Colonies,855,,1974,10,287,578,Active,,,http://www.redfin.com/VA/McLean/7621-Provincial-Dr-22102/unit-304/home/9459904,MRIS,FX10206076,N,Y,38.916755,-77.208967
MLS Listing,,Condo/Co-op,2301 25th St S Unit 4-108,Arlington,VA,22206,299900,1,1.0,Grove At Arlington,731,,2003,11,410,308,Active,,,http://www.redfin.com/VA/Arlington/2301-25th-St-S-22206/unit-4-108/home/11282300,MRIS,AR10205635,N,Y,38.8479099,-77.0760245
MLS Listing,,Condo/Co-op,1021 Arlington Blvd Unit 219E,Arlington,VA,22209,195000,1,1.0,River Place,716,,1955,11,272,493,Active,,,http://www.redfin.com/VA/Arlington/1021-Arlington-Blvd-22209/unit-219E/home/145303929,MRIS,AR10205639,N,Y,38.8929957,-77.0689033
MLS Listing,,Condo/Co-op,2991 Columbus St Unit A1,Arlington,VA,22206,399000,1,2.0,Fairlington Village,1490,,1944,11,268,367,Active,,,http://www.redfin.com/VA/Arlington/2991-S-Columbus-St-22206/unit-A1/home/11268615,MRIS,AR10186747,N,Y,38.8373867,-77.1001971
MLS Listing,,Condo/Co-op,12407 Braxfield Ct #494,Rockville,MD,20852,179000,2,1.0,Bethesda Park,840,,1970,11,213,525,Active,,,http://www.redfin.com/MD/Rockville/12407-Braxfield-Ct-20852/unit-494/home/10534073,MRIS,MC10205553,N,Y,39.057272,-77.1050513
MLS Listing,,Condo/Co-op,3606 Rock Creek Church Rd NW #204,Washington,DC,20010,299999,1,1.0,Columbia Heights,373,,1923,11,804,209,Active,,,http://www.redfin.com/DC/Washington/3606-Rock-Creek-Church-Rd-NW-20010/unit-204/home/143403544,MRIS,DC10205465,N,Y,38.9344575,-77.0264622
MLS Listing,,Condo/Co-op,4500 Four Mile Run Dr #433,Arlington,VA,22204,284900,2,1.0,Century South,1043,,2005,11,273,500,Active,,,http://www.redfin.com/VA/Arlington/4500-S-Four-Mile-Run-Dr-22204/unit-433/home/11281891,MRIS,AR10205111,N,Y,38.854497,-77.105913
MLS Listing,,Condo/Co-op,3333 University Blvd #1210,Kensington,MD,20895,189999,1,1.0,The Waterford,1201,,1964,11,158,662,Active,,,http://www.redfin.com/MD/Kensington/3333-University-Blvd-W-20895/unit-1210/home/143292060,MRIS,MC10192262,N,Y,39.0362045,-77.0670332
MLS Listing,,Condo/Co-op,1843 Mintwood Pl NW #110,Washington,DC,20009,390000,1,1.5,Kalorama,650,,1909,11,600,306,Active,,,http://www.redfin.com/DC/Washington/1843-Mintwood-Pl-NW-20009/unit-110/home/10002700,MRIS,DC10200882,N,Y,38.9213726,-77.0445593
MLS Listing,,Condo/Co-op,3010 Wisconsin Ave NW Unit B1,Washington,DC,20016,395000,1,1.0,Cleveland Park,715,,1930,12,552,500,Active,,,http://www.redfin.com/DC/Washington/3010-Wisconsin-Ave-NW-20016/unit-B1/home/10190232,MRIS,DC10204816,N,Y,38.929686,-77.0733102
MLS Listing,,Condo/Co-op,10524 Weymouth St #101,Bethesda,MD,20814,219900,1,1.0,Parkside Codm,788,,1962,12,279,362,Active,April-22-2018 01:00 PM,April-22-2018 04:00 PM,http://www.redfin.com/MD/Bethesda/10524-Weymouth-St-20814/unit-101/home/143277362,MRIS,MC10204244,N,Y,39.029617,-77.0962932
MLS Listing,,Condo/Co-op,8315 North Brook Ln Unit 2-1204,Bethesda,MD,20814,295900,1,1.0,Whitehall Codm,827,,1965,12,358,696,Active,,,http://www.redfin.com/MD/Bethesda/8315-N-Brook-Ln-20814/unit-2-1204/home/145299067,MRIS,MC10204180,N,Y,38.9926097,-77.1030746
MLS Listing,,Condo/Co-op,118 Monroe St #310,Rockville,MD,20850,275000,2,2.0,Americana Centre,1231,,1971,12,223,962,Active,,,http://www.redfin.com/MD/Rockville/118-Monroe-St-20850/unit-310/home/10521295,MRIS,MC10203918,N,Y,39.0820527,-77.1478423
MLS Listing,,Single Family Residential,3003 Kingswell Dr,Wheaton,MD,20902,375000,4,2.5,Kingswell Sub,988,5576,1955,12,380,,Active,,,http://www.redfin.com/MD/Silver-Spring/3003-Kingswell-Dr-20902/home/11051775,MRIS,MC10188042,N,Y,39.0552509,-77.0613708
MLS Listing,,Condo/Co-op,5501 Seminary Rd Unit 715S,Falls Church,VA,22041,177000,1,1.0,Skyline Square,918,,1982,13,193,358,Active,,,http://www.redfin.com/VA/Falls-Church/5501-Seminary-Rd-22041/unit-715S/home/9661550,MRIS,FX10203683,N,Y,38.841973,-77.120213
MLS Listing,,Single Family Residential,4406 Clearfield Rd,Silver Spring,MD,20906,349900,5,2.0,Veirs Mill Village,648,6619,1946,13,540,,Active,,,http://www.redfin.com/MD/Silver-Spring/4406-Clearfield-Rd-20906/unit-FD/home/11002460,MRIS,MC10203588,N,Y,39.0576291,-77.0875414
MLS Listing,,Condo/Co-op,3701 Connecticut Ave NW #803,Washington,DC,20008,369000,1,1.0,Forest Hills,797,,1951,13,463,753,Active,April-22-2018 01:00 PM,April-22-2018 04:00 PM,http://www.redfin.com/DC/Washington/3701-Connecticut-Ave-NW-20008/unit-803/home/9991197,MRIS,DC10203438,N,Y,38.9383349,-77.0592347
MLS Listing,,Condo/Co-op,501 Slaters Ln #306,Alexandria,VA,22314,339000,1,1.0,Marina Towers,840,,1970,13,404,544,Active,,,http://www.redfin.com/VA/Alexandria/501-Slaters-Ln-22314/unit-306/home/11864762,MRIS,AX10195606,N,Y,38.8225044,-77.041451
MLS Listing,,Condo/Co-op,3705 George Mason Dr S Unit 2403-S,Falls Church,VA,22041,219500,1,1.0,Skyline Plaza,958,,1975,13,229,470,Active,April-22-2018 01:00 PM,April-22-2018 04:00 PM,http://www.redfin.com/VA/Falls-Church/3705-S-George-Mason-Dr-22041/unit-2403S/home/9658770,MRIS,FX10189822,N,Y,38.84292,-77.1137662
MLS Listing,,Condo/Co-op,1300 S Arlington Ridge Rd #103,Arlington,VA,22202,250000,1,1.0,The Cavendish,708,,1958,14,353,522,Active,,,http://www.redfin.com/VA/Arlington/1300-S-Arlington-Ridge-Rd-22202/unit-103/home/11275383,MRIS,AR10202898,N,Y,38.86185,-77.066951
MLS Listing,,Single Family Residential,9801 Grayson Ave,Silver Spring,MD,20901,399900,2,1.0,Argyle Park,1240,8250,1951,14,323,,Active,April-22-2018 02:00 PM,April-22-2018 05:00 PM,http://www.redfin.com/MD/Silver-Spring/9801-Grayson-Ave-20901/home/10952801,MRIS,MC10202837,N,Y,39.0157271,-77.0204849
MLS Listing,,Condo/Co-op,1011 Arlington Blvd #443,Arlington,VA,22209,174950,1,1.0,River Place,716,,1955,14,244,507,Active,,,http://www.redfin.com/VA/Arlington/1011-Arlington-Blvd-22209/unit-443/home/11253367,MRIS,AR10202777,N,Y,38.8921127,-77.0689033
MLS Listing,,Condo/Co-op,1300 Army Navy Dr #824,Arlington,VA,22202,275000,1,1.0,Horizon House,900,,1965,14,306,666,Active,,,http://www.redfin.com/VA/Arlington/1300-Army-Navy-Dr-22202/unit-824/home/11275211,MRIS,AR10202673,N,Y,38.8635617,-77.0669817
MLS Listing,,Condo/Co-op,1580 Spring Gate Dr #4409,Mclean,VA,22102,319900,1,1.0,Gates Of Mclean,690,,1997,14,464,376,Active,,,http://www.redfin.com/VA/McLean/1580-Spring-Gate-Dr-22102/unit-4409/home/9847242,MRIS,FX10202595,N,Y,38.9285349,-77.2100532
MLS Listing,,Condo/Co-op,3304 Coryell Ln #806,Alexandria,VA,22302,240000,1,1.0,Parkfairfax,805,,1941,14,298,405,Active,,,http://www.redfin.com/VA/Alexandria/3304-Coryell-Ln-22302/unit-806/home/145292909,MRIS,AX10202535,N,Y,38.835576,-77.0797842
MLS Listing,,Condo/Co-op,4069 Four Mile Run Dr #104,Arlington,VA,22204,314950,1,1.0,West Village Of Shirlington,818,,1966,15,385,291,Active,,,http://www.redfin.com/VA/Arlington/4069-S-Four-Mile-Run-Dr-22204/unit-104/home/12041784,MRIS,AR10202476,N,Y,38.8480358,-77.0962107
MLS Listing,,Condo/Co-op,7401 Westlake Ter #514,Bethesda,MD,20817,180000,1,1.0,Chelsea Towers Codm,882,,1979,15,204,437,Active,,,http://www.redfin.com/MD/Bethesda/7401-Westlake-Ter-20817/unit-514/home/10914547,MRIS,MC10202143,N,Y,39.0272687,-77.1514373
MLS Listing,,Condo/Co-op,2230 George C Marshall Dr #1015,Falls Church,VA,22043,359000,2,2.0,Renaissance 2230,1074,,1987,16,334,561,Active,,,http://www.redfin.com/VA/Falls-Church/2230-George-C-Marshall-Dr-22043/unit-1015/home/9849548,MRIS,FX10201921,N,Y,38.9006936,-77.2138394
MLS Listing,,Condo/Co-op,3245 Rio Dr #606,Falls Church,VA,22041,179000,1,1.0,Barcroft Hills,854,,1967,16,210,500,Active,,,http://www.redfin.com/VA/Falls-Church/3245-Rio-Dr-22041/unit-606/home/9645682,MRIS,FX10190732,N,Y,38.8583263,-77.1488309
MLS Listing,,Condo/Co-op,1571 Spring Gate Dr #6110,Mclean,VA,22102,305000,1,1.0,Gates Of Mclean,735,,1997,16,415,351,Active,,,http://www.redfin.com/VA/McLean/1571-Spring-Gate-Dr-22102/unit-6110/home/9847290,MRIS,FX10201734,N,Y,38.9293977,-77.2091682
MLS Listing,,Condo/Co-op,1021 Arlington Blvd #610,Arlington,VA,22209,135000,1,1.0,River Place,400,,1955,16,338,398,Active,,,http://www.redfin.com/VA/Arlington/1021-Arlington-Blvd-22209/unit-610/home/11253840,MRIS,AR10201711,N,Y,38.8929957,-77.0689033
MLS Listing,,Condo/Co-op,3502 Valley Dr #2131,Alexandria,VA,22302,330000,2,1.0,Parkfairfax,930,,1941,16,355,468,Active,April-22-2018 02:00 PM,April-22-2018 04:00 PM,http://www.redfin.com/VA/Alexandria/3502-Valley-Dr-22302/unit-2131/home/145282138,MRIS,AX10201690,N,Y,38.8375292,-77.0794618
MLS Listing,,Condo/Co-op,4601 N Park Ave Unit 1403-C,Chevy Chase,MD,20815,375000,2,1.5,The Elizabeth,1149,,1975,16,326,1223,Active,,,http://www.redfin.com/MD/Chevy-Chase/4601-N-Park-Ave-20815/unit-1403-C/home/145363536,MRIS,MC10201657,N,Y,38.963879,-77.0913855
MLS Listing,,Condo/Co-op,4601 N PARK Ave Unit 1403-C,CHEVY CHASE,MD,20815,375000,2,1.5,CHEVY CHASE,1149,,1975,16,326,1223,Active,,,http://www.redfin.com/MD/Chevy-Chase/4601-N-Park-Ave-20815/unit-1403-C/home/144867111,BRIGHT MLS,1000364716,N,Y,38.963867,-77.0913528
MLS Listing,,Condo/Co-op,1001 Vermont St #912,Arlington,VA,22201,375000,1,1.0,Westview At Ballston Metro,667,,2005,16,562,393,Active,,,http://www.redfin.com/VA/Arlington/1001-N-Vermont-St-22201/unit-912/home/11280227,MRIS,AR10201624,N,Y,38.8828742,-77.1143324
MLS Listing,,Condo/Co-op,11505 Amherst Ave #4,Silver Spring,MD,20902,199900,2,1.0,Sierra Landing Codm,940,,1961,16,213,369,Active,,,http://www.redfin.com/MD/Silver-Spring/11505-Amherst-Ave-20902/unit-4/home/145293855,MRIS,MC10201614,N,Y,39.0441308,-77.0474565
MLS Listing,,Condo/Co-op,5225 Pooks Hill Rd Unit 602N,Bethesda,MD,20814,160000,1,1.0,Promenade Towers Coop,630,,1973,16,254,724,Active,,,http://www.redfin.com/MD/Bethesda/5225-Pooks-Hill-Rd-20814/unit-602N/home/12450771,MRIS,MC10201555,N,Y,39.0167159,-77.106924
MLS Listing,,Condo/Co-op,5225 Pooks Hill Rd Unit 1405S,Bethesda,MD,20814,155000,1,1.0,Promenade Towers Coop,630,,1973,16,246,737,Active,April-22-2018 01:30 PM,April-22-2018 03:30 PM,http://www.redfin.com/MD/Bethesda/5225-Pooks-Hill-Rd-20814/unit-1405S/home/12451308,MRIS,MC10201351,N,Y,39.0167159,-77.106924
MLS Listing,,Condo/Co-op,3101 Hampton Dr #510,Alexandria,VA,22302,269950,1,1.0,Northampton Place,885,,2004,16,305,581,Active,,,http://www.redfin.com/VA/Alexandria/3101-N-Hampton-Dr-22302/unit-510/home/11877264,MRIS,AX10201298,N,Y,38.8381428,-77.1055022
MLS Listing,,Condo/Co-op,4201 Lee Hwy #106,Arlington,VA,22207,245900,1,1.0,Stoneridge Knoll,809,,1965,16,304,602,Active,April-22-2018 12:00 PM,April-22-2018 03:00 PM,http://www.redfin.com/VA/Arlington/4201-Lee-Hwy-22207/unit-106/home/11233427,MRIS,AR10201065,N,Y,38.8972384,-77.112515
MLS Listing,,Condo/Co-op,3600 Glebe Rd Unit 414W,Arlington,VA,22202,339000,1,1.0,Eclipse On Center Park,669,,2006,16,507,323,Active,,,http://www.redfin.com/VA/Arlington/3600-S-Glebe-Rd-22202/unit-414W/home/12042669,MRIS,AR10200925,N,Y,38.8422316,-77.0516627
MLS Listing,,Condo/Co-op,2805 Arlington Blvd #201,Arlington,VA,22201,264950,1,1.0,Cambridge Courts,642,,1944,16,413,316,Active,,,http://www.redfin.com/VA/Arlington/2805-Arlington-Blvd-22201/unit-201/home/22038218,MRIS,AR10200920,N,Y,38.8743547,-77.0892256
MLS Listing,,Condo/Co-op,4000 Tunlaw Rd NW #227,Washington,DC,20007,275000,1,1.0,Glover Park,707,,1960,16,389,603,Active,,,http://www.redfin.com/DC/Washington/4000-Tunlaw-Rd-NW-20007/unit-227/home/145364346,MRIS,DC10200820,N,Y,38.9252674,-77.0804147
MLS Listing,,Condo/Co-op,5225 Pooks Hill Rd Unit 1406N,Bethesda,MD,20814,139000,1,1.0,Promenade Towers Coop,630,,1973,16,221,695,Active,,,http://www.redfin.com/MD/Bethesda/5225-Pooks-Hill-Rd-20814/unit-1406N/home/145280292,MRIS,MC10200788,N,Y,39.0167159,-77.106924
MLS Listing,,Condo/Co-op,2230 George C Marshall Dr #511,Falls Church,VA,22043,279900,1,1.0,Renaissance 2230,792,,1987,16,353,422,Active,,,http://www.redfin.com/VA/Falls-Church/2230-George-C-Marshall-Dr-22043/unit-511/home/9849436,MRIS,FX10200741,N,Y,38.9006936,-77.2138394
MLS Listing,,Condo/Co-op,3333 University Blvd #1004,Kensington,MD,20895,279900,2,2.0,The Waterford,1534,,1964,16,182,783,Active,April-22-2018 12:00 PM,April-22-2018 03:00 PM,http://www.redfin.com/MD/Kensington/3333-University-Blvd-W-20895/unit-1004/home/11092735,MRIS,MC10200743,N,Y,39.0361735,-77.0671046
MLS Listing,,Condo/Co-op,4822 29th St S Unit B1,Arlington,VA,22206,344900,2,1.0,Fairlington Villages,1032,,1944,16,334,330,Active,,,http://www.redfin.com/VA/Arlington/4822-29th-St-S-22206/unit-B1/home/11268717,MRIS,AR10198295,N,Y,38.8390201,-77.1012142
MLS Listing,,Condo/Co-op,1021 Arlington Blvd #334,Arlington,VA,22209,139900,1,1.0,River Place,383,,1955,17,365,281,Active,,,http://www.redfin.com/VA/Arlington/1021-Arlington-Blvd-22209/unit-334/home/11253731,MRIS,AR10193520,N,Y,38.8929957,-77.0689033
MLS Listing,,Condo/Co-op,3114 Wisconsin Ave NW #103,Washington,DC,20016,310000,1,1.0,Cleveland Park,740,,1964,17,419,544,Active,April-22-2018 01:00 PM,April-22-2018 04:00 PM,http://www.redfin.com/DC/Washington/3114-Wisconsin-Ave-NW-20016/unit-103/home/12327580,MRIS,DC10200458,N,Y,38.9309496,-77.0731303
MLS Listing,,Condo/Co-op,1401 Columbia Rd NW #309,Washington,DC,20009,349000,1,1.0,Columbia Heights,525,,1913,17,665,211,Active,April-22-2018 02:00 PM,April-22-2018 04:00 PM,http://www.redfin.com/DC/Washington/1401-Columbia-Rd-NW-20009/unit-309/home/10188201,MRIS,DC10200409,N,Y,38.9277042,-77.0329203
MLS Listing,,Condo/Co-op,2304 Greenery Ln Unit 302-15,Silver Spring,MD,20906,174900,2,1.5,Glenwaye Gardens,1029,,1971,17,170,535,Active,,,http://www.redfin.com/MD/Silver-Spring/2304-Greenery-Ln-20906/unit-302-15/home/11098667,MRIS,MC10200305,N,Y,39.0618503,-77.0505001
MLS Listing,,Condo/Co-op,1301 Delaware Ave SW Unit N-419,Washington,DC,20024,229000,1,1.0,Rla (sw),620,,1962,17,369,688,Active,,,http://www.redfin.com/DC/Washington/1301-Delaware-Ave-SW-20024/unit-N-419/home/145279503,MRIS,DC10200300,N,Y,38.8738327,-77.015449
MLS Listing,,Condo/Co-op,3100 Manchester St S #231,Falls Church,VA,22044,198000,2,2.0,Woodlake Towers,1054,,1972,17,188,711,Active,,,http://www.redfin.com/VA/Falls-Church/3100-S-Manchester-St-22044/unit-231/home/9569260,MRIS,FX10199997,N,Y,38.864211,-77.1363716
MLS Listing,,Condo/Co-op,3548 Martha Custis Dr #309,Alexandria,VA,22302,250000,1,1.0,Parkfairfax,805,,1941,17,311,405,Active,April-22-2018 02:00 PM,April-22-2018 04:00 PM,http://www.redfin.com/VA/Alexandria/3548-Martha-Custis-Dr-22302/unit-309/home/143702108,MRIS,AX10199801,N,Y,38.8391022,-77.0833939
MLS Listing,,Condo/Co-op,1669 Columbia Rd NW Unit T-2,Washington,DC,20009,249000,1,1.0,Mount Pleasant,885,,1900,17,281,961,Active,,,http://www.redfin.com/DC/Washington/1669-Columbia-Rd-NW-20009/unit-T2/home/40028724,MRIS,DC10199542,N,Y,38.9257152,-77.0386806
MLS Listing,,Condo/Co-op,3245 Rio Dr #1011,Falls Church,VA,22041,145000,1,1.0,Barcroft Hills,854,,1967,17,170,500,Active,,,http://www.redfin.com/VA/Falls-Church/3245-Rio-Dr-22041/unit-1011/home/9645842,MRIS,FX10199469,N,Y,38.8583263,-77.1488309
MLS Listing,,Condo/Co-op,5300 Columbia Pike #1013,Arlington,VA,22204,299999,2,2.0,The Carlyle House,1325,,1974,17,226,636,Active,,,http://www.redfin.com/VA/Arlington/5300-Columbia-Pike-22204/unit-1013/home/11265316,MRIS,AR10199399,N,Y,38.8538412,-77.1165606
MLS Listing,,Condo/Co-op,900 Taylor St N #1805,Arlington,VA,22203,115000,1,1.0,The Jefferson,696,,1992,17,165,2924,Active,,,http://www.redfin.com/VA/Arlington/900-N-Taylor-St-22203/unit-1805/home/11246685,MRIS,AR10199221,N,Y,38.8812752,-77.1130095
MLS Listing,,Condo/Co-op,1311 Delaware Ave SW Unit S741,Washington,DC,20024,235000,1,1.0,Rla (sw),686,,1962,17,343,860,Active,April-22-2018 01:00 PM,April-22-2018 03:00 PM,http://www.redfin.com/DC/Washington/1311-Delaware-Ave-SW-20024/unit-S741/home/143273333,MRIS,DC10195452,N,Y,38.8739553,-77.0155098
MLS Listing,,Condo/Co-op,1935 Wilson Ln #302,Mclean,VA,22102,269900,2,1.0,Mc Lean Chase,922,,1964,17,293,433,Active,,,http://www.redfin.com/VA/McLean/1935-Wilson-Ln-22102/unit-302/home/9463518,MRIS,FX10191063,N,Y,38.914409,-77.214651
MLS Listing,,Condo/Co-op,2500 Van Dorn St #1401,Alexandria,VA,22302,290000,3,2.0,Park Place,1316,,1965,17,220,833,Active,,,http://www.redfin.com/VA/Alexandria/2500-N-Van-Dorn-St-22302/unit-1401/home/11867999,MRIS,AX10184678,N,Y,38.8326778,-77.0997478
MLS Listing,,Condo/Co-op,500 M St NW #1,Washington,DC,20001,399900,1,1.0,Old City #2,560,,1900,18,714,210,Active,April-22-2018 02:00 PM,April-22-2018 04:00 PM,http://www.redfin.com/DC/Washington/500-M-St-NW-20001/unit-1/home/11744844,MRIS,DC10199022,N,Y,38.9054402,-77.0190952
MLS Listing,,Condo/Co-op,240 M St SW Unit E206,Washington,DC,20024,310000,1,1.0,Rla (sw),744,,1967,18,417,668,Active,,,http://www.redfin.com/DC/Washington/240-M-St-SW-20024/unit-E206/home/10177212,MRIS,DC10198996,N,Y,38.8754195,-77.0158124
MLS Listing,,Condo/Co-op,4550 Strutfield Ln #2108,Alexandria,VA,22311,229900,1,1.0,Palazzo At Park Center,726,,2000,18,317,324,Active,,,http://www.redfin.com/VA/Alexandria/4550-Strutfield-Ln-22311/unit-2108/home/11877537,MRIS,AX10198978,N,Y,38.8355869,-77.10574
MLS Listing,,Condo/Co-op,4600 Four Mile Run Dr #232,Arlington,VA,22204,230000,2,1.0,The Carlton,1084,,1965,18,212,775,Active,,,http://www.redfin.com/VA/Arlington/4600-S-Four-Mile-Run-Dr-22204/unit-232/home/11266207,MRIS,AR10198968,N,Y,38.8549049,-77.1073903
MLS Listing,,Condo/Co-op,7111 Woodmont Ave #907,Bethesda,MD,20815,349500,1,1.0,Crescent Plaza Codm,650,,2000,18,538,466,Active,,,http://www.redfin.com/MD/Chevy-Chase/7111-Woodmont-Ave-20815/unit-907/home/11203184,MRIS,MC10198176,N,Y,38.9803366,-77.0933099
MLS Listing,,Condo/Co-op,2230 George C Marshall Dr #1027,Falls Church,VA,22043,359000,2,2.0,Renaissance 2230,1050,,1987,18,342,559,Active,,,http://www.redfin.com/VA/Falls-Church/2230-George-C-Marshall-Dr-22043/unit-1027/home/9849556,MRIS,FX10198079,N,Y,38.9006936,-77.2138394
MLS Listing,,Condo/Co-op,1530 Lincoln Way #102,Mclean,VA,22102,233000,1,1.0,Fountains At Mclean,624,,1988,18,373,331,Active,,,http://www.redfin.com/VA/McLean/1530-Lincoln-Way-22102/unit-102/home/28616031,MRIS,FX10197904,N,Y,38.931152,-77.230098
MLS Listing,,Condo/Co-op,2410 20th St NW #207,Washington,DC,20009,345000,1,1.0,Kalorama,600,,1926,18,575,399,Active,April-22-2018 02:00 PM,April-22-2018 04:00 PM,http://www.redfin.com/DC/Washington/2410-20th-St-NW-20009/unit-207/home/10001372,MRIS,DC10197860,N,Y,38.9212101,-77.0471365
MLS Listing,,Condo/Co-op,4500 Four Mile Run Dr #901,Arlington,VA,22204,359900,3,2.0,Brittany,1500,,2005,18,240,657,Active,,,http://www.redfin.com/VA/Arlington/4500-S-Four-Mile-Run-Dr-22204/unit-901/home/11282029,MRIS,AR10196041,N,Y,38.854497,-77.105913
MLS Listing,,Condo/Co-op,4500 Four Mile Run Dr #930,Arlington,VA,22204,230000,1,1.0,The Brittany,735,,2005,19,313,389,Active,,,http://www.redfin.com/VA/Arlington/4500-S-Four-Mile-Run-Dr-22204/unit-930/home/11282058,MRIS,AR10197764,N,Y,38.854497,-77.105913
MLS Listing,,Single Family Residential,11017 Horde St,Silver Spring,MD,20902,399444,3,2.0,Wheaton Out Res. (2),1144,6060,1957,19,349,,Active,,,http://www.redfin.com/MD/Silver-Spring/11017-Horde-St-20902/home/10951369,MRIS,MC10197622,N,Y,39.0373453,-77.043156
MLS Listing,,Condo/Co-op,3709 George Mason Dr #603,Falls Church,VA,22041,260000,2,2.0,Skyline House,1398,,1980,19,186,630,Active,April-22-2018 02:30 PM,April-22-2018 04:00 PM,http://www.redfin.com/VA/Falls-Church/3709-S-George-Mason-Dr-22041/unit-603/home/145271120,MRIS,FX10197554,N,Y,38.8422539,-77.116104
MLS Listing,,Condo/Co-op,7621 Tremayne Pl #112,Mclean,VA,22102,205000,1,1.0,The Colonies,855,,1974,19,240,568,Active,,,http://www.redfin.com/VA/McLean/7621-Tremayne-Pl-22102/unit-112/home/9400413,MRIS,FX10197538,N,Y,38.917963,-77.20697
MLS Listing,,Condo/Co-op,4343 Lee Hwy #602,Arlington,VA,22207,235000,1,1.0,Yorktown,750,,1963,19,313,430,Active,,,http://www.redfin.com/VA/Arlington/4343-Lee-Hwy-22207/unit-602/home/11233397,MRIS,AR10197454,N,Y,38.8976815,-77.1149452
MLS Listing,,Condo/Co-op,6800 Fleetwood Rd #319,Mclean,VA,22101,252000,1,1.5,Mc Lean House North,811,,1975,19,311,618,Active,,,http://www.redfin.com/VA/McLean/6800-Fleetwood-Rd-22101/unit-319/home/9393415,MRIS,FX10197015,N,Y,38.938789,-77.1784867
MLS Listing,,Condo/Co-op,118 Monroe St #1310,Rockville,MD,20850,265000,2,2.0,Americana Centre,1250,,1971,19,212,962,Active,,,http://www.redfin.com/MD/Rockville/118-Monroe-St-20850/unit-1310/home/10521519,MRIS,MC10196916,N,Y,39.0820527,-77.1478423
MLS Listing,,Condo/Co-op,510 N St SW Unit N328,Washington,DC,20024,249000,1,1.0,Waterfront,591,,1966,19,421,915,Active,April-22-2018 02:00 PM,April-22-2018 04:00 PM,http://www.redfin.com/DC/Washington/510-N-St-SW-20024/unit-N328/home/35629734,MRIS,DC10190843,N,Y,38.8742758,-77.0187198
MLS Listing,,Condo/Co-op,3001 Porter St NW #301,Washington,DC,20008,349000,1,1.0,Cleveland Park,650,,1923,20,537,425,Active,,,http://www.redfin.com/DC/Washington/3001-Porter-St-NW-20008/unit-301/home/55228951,MRIS,DC10193729,N,Y,38.937465,-77.061087
MLS Listing,,Condo/Co-op,4801 Fairmont Ave #508,Bethesda,MD,20814,315000,1,1.0,Fairmont Plaza Codm,646,,1990,20,488,460,Active,,,http://www.redfin.com/MD/Bethesda/4801-Fairmont-Ave-20814/unit-508/home/11209569,MRIS,MC10196340,N,Y,38.9891242,-77.0957579
MLS Listing,,Condo/Co-op,1700 17th St NW #307,Washington,DC,20009,395000,1,1.0,Old City #2,617,,1981,20,640,410,Active,,,http://www.redfin.com/DC/Washington/1700-17th-St-NW-20009/unit-307/home/9859935,MRIS,DC10196304,N,Y,38.9128168,-77.0388605
MLS Listing,,Condo/Co-op,3709 George Mason Dr #1616,Falls Church,VA,22041,240000,2,1.5,Skyline House,1194,,1980,20,201,540,Active,,,http://www.redfin.com/VA/Falls-Church/3709-S-George-Mason-Dr-22041/unit-1616/home/145267212,MRIS,FX10196107,N,Y,38.8422539,-77.116104
MLS Listing,,Condo/Co-op,5300 Columbia Pike #707,Arlington,VA,22204,310000,2,2.0,The Carlyle House,1325,,1974,22,234,610,Active,,,http://www.redfin.com/VA/Arlington/5300-Columbia-Pike-22204/unit-707/home/11265272,MRIS,AR10195003,N,Y,38.8538412,-77.1165606
MLS Listing,,Condo/Co-op,3900 Tunlaw Rd NW #219,Washington,DC,20007,250000,1,1.0,Glover Park,744,,1959,23,336,682,Active,,,http://www.redfin.com/DC/Washington/3900-Tunlaw-Rd-NW-20007/unit-219/home/49672933,MRIS,DC10194610,N,Y,38.9253099,-77.0779086
MLS Listing,,Condo/Co-op,1343 Clifton St NW #101,Washington,DC,20009,349900,1,1.0,Columbia Heights,574,,2010,23,610,205,Active,,,http://www.redfin.com/DC/Washington/1343-Clifton-St-NW-20009/unit-101/home/40502046,MRIS,DC10194414,N,Y,38.9227086,-77.0312137
MLS Listing,,Condo/Co-op,3705 George Mason Dr Unit 115-S,Falls Church,VA,22041,390000,3,3.0,Skyline Plaza,1831,,1975,23,213,893,Active,,,http://www.redfin.com/VA/Falls-Church/3705-S-George-Mason-Dr-22041/unit-115S/home/18258802,MRIS,FX10194218,N,Y,38.84292,-77.1137662
MLS Listing,,Condo/Co-op,5225 Pooks Hill Rd Unit 104N,Bethesda,MD,20814,299900,2,2.0,Promenade Towers Coop,1330,,1973,23,225,1293,Active,,,http://www.redfin.com/MD/Bethesda/5225-Pooks-Hill-Rd-20814/unit-104N/home/143965385,MRIS,MC10194155,N,Y,39.0167159,-77.106924
MLS Listing,,Condo/Co-op,1530 Key Blvd #409,Arlington,VA,22209,389000,1,1.0,The Atrium,765,,1986,23,508,513,Active,,,http://www.redfin.com/VA/Arlington/1530-Key-Blvd-22209/unit-409/home/11250435,MRIS,AR10193803,N,Y,38.8960535,-77.0758731
MLS Listing,,Condo/Co-op,4201 Cathedral Ave NW Unit 207E,Washington,DC,20016,279900,1,1.0,Wesley Heights,888,,1960,23,315,762,Active,,,http://www.redfin.com/DC/Washington/4201-Cathedral-Ave-NW-20016/unit-207E/home/9951565,MRIS,DC10193771,N,Y,38.9307588,-77.0829996
MLS Listing,,Condo/Co-op,10401 Grosvenor Pl #305,Rockville,MD,20852,215000,1,1.0,Grosvenor Park Iii,854,,1966,24,252,760,Active,,,http://www.redfin.com/MD/Rockville/10401-Grosvenor-Pl-20852/unit-305/home/10531507,MRIS,MC10192551,N,Y,39.0276956,-77.106617
MLS Listing,,Condo/Co-op,3701 S George Mason Dr Unit 815N,Falls Church,VA,22041,385000,3,2.0,Skyline Plaza,1842,,1973,24,209,931,Active,,,http://www.redfin.com/VA/Falls-Church/3701-S-George-Mason-Dr-22041/unit-815N/home/9657026,MRIS,FX10193581,N,Y,38.8438352,-77.1143467
MLS Listing,,Condo/Co-op,10684 Weymouth St #204,Bethesda,MD,20814,289900,2,1.0,Parkside Codm,1047,,1964,24,277,471,Active,,,http://www.redfin.com/MD/Bethesda/10684-Weymouth-St-20814/unit-204/home/145248225,MRIS,MC10193454,N,Y,39.0297516,-77.090196
MLS Listing,,Condo/Co-op,3616 Connecticut Ave NW #207,Washington,DC,20008,370000,1,1.0,Cleveland Park,667,,1926,24,555,399,Active,,,http://www.redfin.com/DC/Washington/3616-Connecticut-Ave-NW-20008/unit-207/home/10178470,MRIS,DC10193189,N,Y,38.9374534,-77.0598418
MLS Listing,,Condo/Co-op,2230 George C Marshall Dr #706,Falls Church,VA,22043,349000,2,2.0,Renaissance 2230,1049,,1987,25,333,560,Active,,,http://www.redfin.com/VA/Falls-Church/2230-George-C-Marshall-Dr-22043/unit-706/home/9849474,MRIS,FX10192118,N,Y,38.9006936,-77.2138394
MLS Listing,,Condo/Co-op,1504 Lincoln Way #205,Mclean,VA,22102,259900,1,1.0,Fountains At Mclean,779,,1988,26,334,366,Active,April-22-2018 12:00 PM,April-22-2018 03:00 PM,http://www.redfin.com/VA/McLean/1504-Lincoln-Way-22102/unit-205/home/9838378,MRIS,FX10189088,N,Y,38.931491,-77.228972
MLS Listing,,Condo/Co-op,10313 Montrose Ave #201,Bethesda,MD,20814,282500,3,1.0,Parkside Codm,975,,1954,26,290,414,Active,,,http://www.redfin.com/MD/Bethesda/10313-Montrose-Ave-20814/unit-201/home/143203159,MRIS,MC10191248,N,Y,39.0249143,-77.1012001
MLS Listing,,Condo/Co-op,560 N St SW Unit N913,Washington,DC,20024,399000,1,1.0,Waterfront,843,,1966,26,473,1130,Active,,,http://www.redfin.com/DC/Washington/560-N-St-SW-20024/unit-N913/home/74207747,MRIS,DC10191024,N,Y,38.8744909,-77.0189432
MLS Listing,,Condo/Co-op,160 Talbott St #204,Rockville,MD,20852,219900,2,1.0,Woodmont Springs,760,,1961,27,289,330,Active,,,http://www.redfin.com/MD/Rockville/160-Talbott-St-20852/unit-204/home/10532780,MRIS,MC10190460,N,Y,39.070142,-77.133213
MLS Listing,,Townhouse,11025 Candlelight Ln,Potomac,MD,20854,374500,2,2.0,Olde Coach Square,1200,,1979,27,312,300,Active,,,http://www.redfin.com/MD/Potomac/11025-Candlelight-Ln-20854/home/10911086,MRIS,MC10190335,N,Y,39.0382968,-77.1695378
MLS Listing,,Condo/Co-op,1923 Wilson Ln #102,Mclean,VA,22102,227500,1,1.0,Mc Lean Chase,836,,1964,27,272,393,Active,,,http://www.redfin.com/VA/McLean/1923-Wilson-Ln-22102/unit-102/home/9463633,MRIS,FX10190125,N,Y,38.914698,-77.214832
MLS Listing,,Townhouse,3397 Lakeside View Dr Unit 20-8,Falls Church,VA,22041,350000,2,2.5,Waters Edge,1052,,1986,27,333,490,Active,,,http://www.redfin.com/VA/Falls-Church/3397-Lakeside-View-Dr-22041/unit-20-8/home/9649464,MRIS,FX10190001,N,Y,38.858765,-77.141142
MLS Listing,,Single Family Residential,12212 Judson Rd,Silver Spring,MD,20902,399900,4,3.0,Glenmont Forest,1080,7425,1949,27,370,,Active,,,http://www.redfin.com/MD/Silver-Spring/12212-Judson-Rd-20902/home/10987265,MRIS,MC10183874,N,Y,39.0564923,-77.0539841
MLS Listing,,Condo/Co-op,3712 Rosser St Unit T2,Alexandria,VA,22311,168000,2,1.0,Westbriar,882,,1965,28,190,445,Active,,,http://www.redfin.com/VA/Alexandria/3712-N-Rosser-St-22311/unit-T2/home/9654770,MRIS,FX10189794,N,Y,38.8429,-77.128452
MLS Listing,,Condo/Co-op,5201 Wisconsin Ave NW #312,Washington,DC,20015,250000,1,1.0,Chevy Chase,743,,2010,29,336,446,Active,April-28-2018 01:00 PM,April-28-2018 03:00 PM,http://www.redfin.com/DC/Washington/5201-Wisconsin-Ave-NW-20015/unit-312/home/28639096,MRIS,DC10189367,N,Y,38.9572378,-77.0836521
MLS Listing,,Condo/Co-op,1847 Wilson Blvd Unit 5-360,Arlington,VA,22201,285000,1,1.0,Colonial Village,559,,1940,29,510,272,Active,,,http://www.redfin.com/VA/Arlington/1847-Wilson-Blvd-22201/unit-5-360/home/143418347,MRIS,AR10189341,N,Y,38.8931566,-77.0808989
MLS Listing,,Condo/Co-op,10506 Weymouth St Unit W-104,Bethesda,MD,20814,225000,1,1.0,Parkside,788,,1962,29,286,347,Active,April-22-2018 01:00 PM,April-22-2018 04:00 PM,http://www.redfin.com/MD/Bethesda/10506-Weymouth-St-20814/unit-W-104/home/145212397,MRIS,MC10189301,N,Y,39.0303035,-77.0959971
MLS Listing,,Condo/Co-op,4201 Cathedral Ave NW Unit 1202E,Washington,DC,20016,399000,2,1.5,Wesley Heights,1146,,1960,29,348,1025,Active,,,http://www.redfin.com/DC/Washington/4201-Cathedral-Ave-NW-20016/unit-1202E/home/145210954,MRIS,DC10189179,N,Y,38.9307588,-77.0829996
MLS Listing,,Townhouse,1201 Barton St #135,Arlington,VA,22204,305000,1,1.0,Arlington Village,800,,1939,29,381,370,Active,April-22-2018 01:00 PM,April-22-2018 04:00 PM,http://www.redfin.com/VA/Arlington/1201-S-Barton-St-22204/unit-135/home/11272385,MRIS,AR10189180,N,Y,38.8619129,-77.0833453
MLS Listing,,Single Family Residential,10608 Ordway Dr,Silver Spring,MD,20901,394500,4,3.0,Northwood Village,1545,7481,1950,29,255,,Active,,,http://www.redfin.com/MD/Silver-Spring/10608-Ordway-Dr-20901/home/11014707,MRIS,MC10181273,N,Y,39.0301798,-77.016526
MLS Listing,,Condo/Co-op,5017 7th Rd S #301,Arlington,VA,22204,259900,2,1.5,Park Spring,1063,,1969,30,244,502,Active,,,http://www.redfin.com/VA/Arlington/5017-7th-Rd-S-22204/unit-301/home/11259567,MRIS,AR10188346,N,Y,38.8596622,-77.1166461
MLS Listing,,Condo/Co-op,4813 30th St S Unit A1,Arlington,VA,22206,395000,1,2.0,Fairlington Village,1528,,1944,30,259,403,Active,April-22-2018 02:00 PM,April-22-2018 04:00 PM,http://www.redfin.com/VA/Arlington/4813-30th-St-S-22206/unit-A1/home/11268813,MRIS,AR10188285,N,Y,38.8378191,-77.0997453
MLS Listing,,Condo/Co-op,2325 42nd St NW #209,Washington,DC,20007,379000,2,1.0,Glover Park,905,,1956,30,419,503,Active,,,http://www.redfin.com/DC/Washington/2325-42nd-St-NW-20007/unit-209/home/9958910,MRIS,DC10186882,N,Y,38.9220437,-77.0817272
MLS Listing,,Condo/Co-op,1301 20th St NW #703,Washington,DC,20036,349000,1,1.0,Central,492,,1973,30,709,581,Active,,,http://www.redfin.com/DC/Washington/1301-20th-St-NW-20036/unit-703/home/9060286,MRIS,DC10183710,N,Y,38.9076058,-77.0446178
MLS Listing,,Condo/Co-op,3611 38th St NW #209,Washington,DC,20016,324900,1,1.0,Cleveland Park,536,,1985,31,606,256,Active,,,http://www.redfin.com/DC/Washington/3611-38th-St-NW-20016/unit-209/home/81828819,MRIS,DC10187456,N,Y,38.9376784,-77.0746817
MLS Listing,,Condo/Co-op,1245 4th St SW Unit E107,Washington,DC,20024,379900,1,1.0,Southwest Waterfront,822,,1966,31,462,433,Active,,,http://www.redfin.com/DC/Washington/1245-4th-St-SW-20024/unit-E107/home/12057227,MRIS,DC10187414,N,Y,38.8753295,-77.018168
MLS Listing,,Condo/Co-op,4390 Lorcom Ln #801,Arlington,VA,22207,324900,3,2.0,Carlyn Place,1277,,1961,31,254,912,Active,,,http://www.redfin.com/VA/Arlington/4390-Lorcom-Ln-22207/unit-801/home/11234410,MRIS,AR10187246,N,Y,38.8990349,-77.1172609
MLS Listing,,Condo/Co-op,4371 Lee Hwy #403,Arlington,VA,22207,249900,1,1.0,Carlyn Place,662,,1961,31,377,517,Active,,,http://www.redfin.com/VA/Arlington/4371-Lee-Hwy-22207/unit-403/home/11234439,MRIS,AR10187177,N,Y,38.8980832,-77.1156293
MLS Listing,,Condo/Co-op,915 Patrick St N #407,Alexandria,VA,22314,365000,1,1.0,Old Town Commons,650,,2014,31,562,295,Active,,,http://www.redfin.com/VA/Alexandria/915-N-Patrick-St-22314/unit-407/home/59448433,MRIS,AX10187029,N,Y,38.8150105,-77.0480455
MLS Listing,,Condo/Co-op,3353 Stafford St Unit B1,Arlington,VA,22206,369000,2,2.0,Fairlington,1424,,1940,31,259,253,Active,,,http://www.redfin.com/VA/Arlington/3353-S-Stafford-St-22206/unit-B1/home/11270562,MRIS,AR10186905,N,Y,38.8342227,-77.0860768
MLS Listing,,Condo/Co-op,2596-C Arlington Mill Dr #3,Arlington,VA,22206,268000,1,1.0,Windgate Village Iii,622,,1983,31,431,335,Active,April-22-2018 01:00 PM,April-22-2018 04:00 PM,http://www.redfin.com/VA/Arlington/2596-S-Arlington-Mill-Dr-22206/unit-3/home/11267428,MRIS,AR10186890,N,Y,38.8435333,-77.0945373
MLS Listing,,Condo/Co-op,11710 Old Georgetown Rd #1322,North Bethesda,MD,20852,319900,1,1.0,Gallery At White Flint P,783,,2001,31,409,323,Active,,,http://www.redfin.com/MD/Rockville/11710-Old-Georgetown-Rd-20852/unit-1322/home/145198438,MRIS,MC10186872,N,Y,39.0502137,-77.1124961
MLS Listing,,Condo/Co-op,12407 Braxfield Ct #485,Rockville,MD,20852,180000,2,1.0,Bethesda Park,1036,,1970,31,174,568,Active,,,http://www.redfin.com/MD/Rockville/12407-Braxfield-Ct-20852/unit-485/home/10534052,MRIS,MC10186471,N,Y,39.057272,-77.1050513
MLS Listing,,Condo/Co-op,1250 4th St SW Unit W610,Washington,DC,20024,315000,1,1.0,Rla (sw),539,,1967,31,584,642,Active,,,http://www.redfin.com/DC/Washington/1250-4th-St-SW-20024/unit-W610/home/9886164,MRIS,DC10183494,N,Y,38.8751479,-77.0172683
MLS Listing,,Condo/Co-op,3709 George Mason Dr Unit 406E,Falls Church,VA,22041,319900,3,2.5,Skyline House,1846,,1980,31,173,834,Active,,,http://www.redfin.com/VA/Falls-Church/3709-S-George-Mason-Dr-22041/unit-406E/home/9659051,MRIS,FX10181749,N,Y,38.8422539,-77.116104
MLS Listing,,Condo/Co-op,3101 Hampton Dr N #1206,Alexandria,VA,22302,239000,1,1.0,Northampton Place,715,,2004,32,334,476,Active,,,http://www.redfin.com/VA/Alexandria/3101-N-Hampton-Dr-22302/unit-1206/home/11877388,MRIS,AX10186864,N,Y,38.8381428,-77.1055022
MLS Listing,,Condo/Co-op,1220 Blair Mill Rd #1409,Silver Spring,MD,20910,349900,2,1.0,Mica At Silvr Sping Mtro,1020,,2006,32,343,817,Active,,,http://www.redfin.com/MD/Silver-Spring/1220-Blair-Mill-Rd-20910/unit-1409/home/11760772,MRIS,MC10186620,N,Y,38.9894781,-77.0302241
MLS Listing,,Condo/Co-op,4242 East West Hwy #1012,Chevy Chase,MD,20815,169900,1,1.0,Riveria Of Chevy Chase,710,,1966,32,239,845,Active,,,http://www.redfin.com/MD/Bethesda/4242-East-West-Hwy-20815/unit-1012/home/10688679,MRIS,MC10186347,N,Y,38.9857475,-77.0862479
MLS Listing,,Condo/Co-op,3517 13th St NW #1,Washington,DC,20010,330000,1,1.0,Columbia Heights,556,,1925,32,594,217,Active,,,http://www.redfin.com/DC/Washington/3517-13th-St-NW-20010/unit-1/home/39956368,MRIS,DC10186259,N,Y,38.9331939,-77.0293919
MLS Listing,,Condo/Co-op,2755 Ordway St NW #108,Washington,DC,20008,355000,1,1.0,Forest Hills,832,,1965,32,427,727,Active,,,http://www.redfin.com/DC/Washington/2755-Ordway-St-NW-20008/unit-108/home/9990394,MRIS,DC10186157,N,Y,38.9359419,-77.0575707
MLS Listing,,Condo/Co-op,2211 Greenery Ln Unit 103-6,Silver Spring,MD,20906,235900,3,2.0,Glenwaye Gardens,1269,,1971,33,186,595,Active,,,http://www.redfin.com/MD/Silver-Spring/2211-Greenery-Ln-20906/unit-103-6/home/11098466,MRIS,MC10185974,N,Y,39.0612178,-77.0482098
MLS Listing,,Condo/Co-op,1530 Key Blvd #202,Arlington,VA,22209,395000,1,1.0,The Atrium Condominium,710,,1986,34,556,482,Active,,,http://www.redfin.com/VA/Arlington/1530-Key-Blvd-22209/unit-202/home/11250376,MRIS,AR10185048,N,Y,38.8960535,-77.0758731
MLS Listing,,Condo/Co-op,5301 Westbard Cir #222,Bethesda,MD,20816,394500,2,2.0,Kenwood Place Codm,1160,,1960,34,340,711,Active,,,http://www.redfin.com/MD/Bethesda/5301-Westbard-Cir-20816/unit-222/home/10691050,MRIS,MC10184931,N,Y,38.9638326,-77.1092334
MLS Listing,,Condo/Co-op,4201 CATHEDRAL Ave NW Unit 420W,WASHINGTON,DC,20016,260000,1,1.0,WASHINGTON,898,,1960,34,290,777,Active,,,http://www.redfin.com/DC/Washington/4201-Cathedral-Ave-NW-20016/unit-420W/home/9952403,BRIGHT MLS,1000284386,N,Y,38.9307588,-77.0829996
MLS Listing,,Condo/Co-op,4201 Cathedral Ave NW Unit 420W,Washington,DC,20016,260000,1,1.0,Wesley Heights,898,,1960,34,290,777,Active,,,http://www.redfin.com/DC/Washington/4201-Cathedral-Ave-NW-20016/unit-420W/home/145164493,MRIS,DC10184512,N,Y,38.9307588,-77.0829996
MLS Listing,,Townhouse,1842 EAST WEST Hwy,SILVER SPRING,MD,20910,284999,2,1.0,SILVER SPRING,375,,1950,35,760,295,Active,,,http://www.redfin.com/MD/Silver-Spring/1842-East-West-Hwy-20910/unit-1842/home/11093101,BRIGHT MLS,1000279322,N,Y,38.995193,-77.0393839
MLS Listing,,Townhouse,1842 East West Hwy,Silver Spring,MD,20910,284999,2,1.0,Chevy Chase Crest,375,,1950,35,760,295,Active,,,http://www.redfin.com/MD/Silver-Spring/1842-East-West-Hwy-20910/home/28906221,MRIS,MC10183374,N,Y,38.995417,-77.0488927
MLS Listing,,Condo/Co-op,3709 George Mason Dr Unit 1713E,Falls Church,VA,22041,339900,2,2.0,Skyline House,1373,,1980,36,248,673,Active,,,http://www.redfin.com/VA/Falls-Church/3709-S-George-Mason-Dr-22041/unit-1713E/home/39606815,MRIS,FX10183649,N,Y,38.8422539,-77.116104
MLS Listing,,Condo/Co-op,2400 41st St NW #511,Washington,DC,20007,362000,2,1.0,Glover Park,823,,1959,36,440,528,Active,April-22-2018 02:00 PM,April-22-2018 04:00 PM,http://www.redfin.com/DC/Washington/2400-41st-St-NW-20007/unit-511/home/9958858,MRIS,DC10183633,N,Y,38.9221395,-77.0811651
MLS Listing,,Condo/Co-op,7621 Tremayne Pl #101,Mclean,VA,22102,295000,2,2.0,The Colonies,1112,,1974,36,265,578,Active,,,http://www.redfin.com/VA/McLean/7621-Tremayne-Pl-22102/unit-101/home/9400380,MRIS,FX10183579,N,Y,38.917963,-77.20697
MLS Listing,,Condo/Co-op,10401 Grosvenor Pl #420,Rockville,MD,20852,254900,2,1.0,Grosvenor Park Iii,1086,,1979,37,235,943,Active,,,http://www.redfin.com/MD/Rockville/10401-Grosvenor-Pl-20852/unit-420/home/113066717,MRIS,MC10182997,N,Y,39.0276956,-77.106617
MLS Listing,,Condo/Co-op,530 N St SW Unit S-708,Washington,DC,20024,349900,1,1.0,Waterfront,762,,1966,37,459,1045,Active,,,http://www.redfin.com/DC/Washington/530-N-St-SW-20024/unit-S-708/home/113387186,MRIS,DC10182621,N,Y,38.8740144,-77.0184717
MLS Listing,,Condo/Co-op,4201 Cathedral Ave NW Unit 703W,Washington,DC,20016,329900,1,1.0,Wesley Heights,963,,1960,37,343,744,Active,April-22-2018 01:00 PM,April-22-2018 03:00 PM,http://www.redfin.com/DC/Washington/4201-Cathedral-Ave-NW-20016/unit-703W/home/145131361,MRIS,DC10182144,N,Y,38.9307588,-77.0829996
MLS Listing,,Condo/Co-op,5101 River Rd #408,Bethesda,MD,20816,299990,1,1.0,The Kenwood,1073,,1969,37,280,805,Active,,,http://www.redfin.com/MD/Bethesda/5101-River-Rd-20816/unit-408/home/10689910,MRIS,MC10179502,N,Y,38.9640697,-77.1013213
MLS Listing,,Condo/Co-op,10201 Grosvenor Pl #618,Rockville,MD,20852,245900,2,1.0,Grosvenor Park I,1059,,1964,37,232,784,Active,April-22-2018 12:00 PM,April-22-2018 02:00 PM,http://www.redfin.com/MD/Rockville/10201-Grosvenor-Pl-20852/unit-618/home/10522363,MRIS,MC10179388,N,Y,39.0250388,-77.105682
MLS Listing,,Condo/Co-op,4500 Four Mile Run Dr #626,Arlington,VA,22204,315000,2,2.0,The Brittany,1150,,2005,38,274,569,Active,,,http://www.redfin.com/VA/Arlington/4500-S-Four-Mile-Run-Dr-22204/unit-626/home/11281952,MRIS,AR10181816,N,Y,38.854497,-77.105913
MLS Listing,,Condo/Co-op,3705 George Mason Dr Unit 315S,Falls Church,VA,22041,365000,3,2.0,Skyline Plaza,1842,,1975,38,198,887,Active,April-22-2018 01:00 PM,April-22-2018 04:00 PM,http://www.redfin.com/VA/Falls-Church/3705-S-George-Mason-Dr-22041/unit-315S/home/9657939,MRIS,FX10175263,N,Y,38.84292,-77.1137662
MLS Listing,,Condo/Co-op,11801 Rockville Pike #1103,Rockville,MD,20852,265999,2,2.0,The Forum,1154,,1968,38,231,890,Active,,,http://www.redfin.com/MD/North-Bethesda/11801-Rockville-Pike-20852/unit-1103/home/10523291,MRIS,MC10177007,N,Y,39.0511034,-77.1131149
MLS Listing,,Condo/Co-op,1801 Clydesdale Pl NW #623,Washington,DC,20009,249000,1,1.0,Mount Pleasant,540,,1950,38,461,387,Active,,,http://www.redfin.com/DC/Washington/1801-Clydesdale-Pl-NW-20009/unit-623/home/28925005,MRIS,DC10180796,N,Y,38.9262616,-77.0435383
MLS Listing,,Condo/Co-op,2465 Army Navy Dr Unit 1-210,Arlington,VA,22206,299990,1,1.0,The Grove At Arlington,701,,2003,38,428,306,Active,,,http://www.redfin.com/VA/Arlington/2465-Army-Navy-Dr-22206/unit-1-210/home/11282262,MRIS,AR10180621,N,Y,38.8482447,-77.0768017
MLS Listing,,Condo/Co-op,1024 Utah St N #518,Arlington,VA,22201,365000,1,1.0,Westview At Ballston,700,,2005,38,521,393,Active,April-22-2018 01:00 PM,April-22-2018 04:00 PM,http://www.redfin.com/VA/Arlington/1024-N-Utah-St-22201/unit-518/home/11280277,MRIS,AR10175233,N,Y,38.8831692,-77.1142032
MLS Listing,,Condo/Co-op,3709-SOUTH George Mason Dr Unit 710 EAST,Falls Church,VA,22041,279900,2,2.0,Skyline House,1389,,1980,39,202,626,Active,,,http://www.redfin.com/VA/Falls-Church/3709-S-George-Mason-Dr-22041/unit-710-EAST/home/145127297,MRIS,FX10180568,N,Y,38.8422539,-77.116104
MLS Listing,,Condo/Co-op,2300 Pimmit Dr #101,Falls Church,VA,22043,259900,2,2.0,Idylwood Towers,1182,,1974,39,220,791,Active,,,http://www.redfin.com/VA/Falls-Church/2300-Pimmit-Dr-22043/unit-101/home/9479735,MRIS,FX10180199,N,Y,38.8989474,-77.207147
MLS Listing,,Condo/Co-op,1908 Wilson Ln Unit T1,Mclean,VA,22102,250000,2,1.0,Mc Lean Chase,866,,1964,39,289,410,Active,,,http://www.redfin.com/VA/McLean/1908-Wilson-Ln-22102/unit-T1/home/143311169,MRIS,FX10180097,N,Y,38.914636,-77.216274
MLS Listing,,Condo/Co-op,1200-S Arlington Ridge Rd #204,Arlington,VA,22202,245000,1,1.0,The Cavendish,883,,1958,39,277,657,Active,,,http://www.redfin.com/VA/Arlington/1200-S-Arlington-Ridge-Rd-22202/unit-204/home/11275292,MRIS,AR10179765,N,Y,38.862744,-77.0665606
MLS Listing,,Condo/Co-op,4551 Strutfield Ln #4135,Alexandria,VA,22311,315000,2,2.0,Palazzo At Park Center,962,,2000,40,327,405,Active,,,http://www.redfin.com/VA/Alexandria/4551-Strutfield-Ln-22311/unit-4135/home/11877752,MRIS,AX10179565,N,Y,38.8355869,-77.10574
MLS Listing,,Condo/Co-op,1111 Arlington Blvd #920,Arlington,VA,22209,170000,1,1.0,River Place West,559,,1955,41,304,451,Active,,,http://www.redfin.com/VA/Arlington/1111-Arlington-Blvd-22209/unit-920/home/11253239,MRIS,AR10178570,N,Y,38.8924544,-77.0698027
MLS Listing,,Condo/Co-op,1125 12th St NW Unit B1,Washington,DC,20005,335900,3,2.0,Old City #2,1024,,1910,43,328,1089,Active,,,http://www.redfin.com/DC/Washington/1125-12th-St-NW-20005/unit-B1/home/12533462,MRIS,DC10176961,N,Y,38.9047961,-77.0278937
MLS Listing,,Condo/Co-op,5500 FRIENDSHIP Blvd Unit 1101N,CHEVY CHASE,MD,20815,225000,1,1.0,CHEVY CHASE,495,,1968,43,455,374,Active,,,http://www.redfin.com/MD/Chevy-Chase/5500-Friendship-Blvd-20815/unit-1101N/home/10691848,BRIGHT MLS,1000253354,N,Y,38.9631191,-77.089318
MLS Listing,,Condo/Co-op,5500 Friendship Blvd Unit 1101N,Chevy Chase,MD,20815,225000,1,1.0,Willoughby Of Ch Ch Codm,495,,1968,43,455,374,Active,,,http://www.redfin.com/MD/Chevy-Chase/5500-Friendship-Blvd-20815/unit-1101N/home/143700131,MRIS,MC10176931,N,Y,38.9631191,-77.089318
MLS Listing,,Condo/Co-op,2311 Pimmit Dr #715,Falls Church,VA,22043,255000,2,2.0,Idylwood Towers,1182,,1974,43,216,786,Active,,,http://www.redfin.com/VA/Falls-Church/2311-Pimmit-Dr-22043/unit-715/home/9479515,MRIS,FX10176865,N,Y,38.898085,-77.205321
